actor/actor_loss,actor/adv,actor/adv_median,actor/bc_log_probs,actor/mse,high_actor/high_actor_loss,high_actor/high_adv,high_actor/high_adv_median,high_actor/high_bc_log_probs,high_actor/high_mse,high_actor/high_scale,value/abs adv mean,value/accept prob,value/adv max,value/adv mean,value/adv min,value/v max,value/v mean,value/v min,value/value_loss,step
2.123122453689575,-0.03154192119836807,-0.03242221474647522,-1.9525929689407349,9.6328125,23.484325408935547,0.10815267264842987,0.07856211066246033,-14.593772888183594,1.080877661705017,1.0,1.3506147861480713,0.203125,1.8839130401611328,-0.9869837760925293,-3.060433864593506,1.8850200176239014,-0.45002758502960205,-2.192509412765503,1.057068109512329,1
1.6251835823059082,0.0011767223477363586,0.00017380714416503906,-1.6228238344192505,2.79296875,9.13796615600586,-0.0018770508468151093,-3.612041473388672e-05,-9.153154373168945,0.015413308516144753,0.9886797070503235,1.9091763496398926,0.27734375,4.460683822631836,0.5001368522644043,-1.4708490371704102,-3.1068203449249268,-3.1632041931152344,-3.2007410526275635,5.850709438323975,100
1.8548835515975952,-0.0007789470255374908,3.0994415283203125e-06,-1.8566863536834717,4.66015625,8.805206298828125,-0.0006714379414916039,0.0007171630859375,-8.806448936462402,0.0069878282956779,0.9594420790672302,1.523506999015808,0.1875,3.8417272567749023,-0.113728828728199,-1.181929111480713,-3.0631802082061768,-3.150200843811035,-3.2108571529388428,3.815139055252075,200
1.818070650100708,0.0003736009821295738,2.384185791015625e-05,-1.8181095123291016,5.02734375,8.462352752685547,0.0017600525170564651,0.0001970529556274414,-8.445478439331055,0.008143188431859016,0.9256271719932556,1.481364130973816,0.20703125,3.4046521186828613,-0.10297918319702148,-1.087110996246338,-2.319554328918457,-2.3909053802490234,-2.444793224334717,3.347334861755371,300
1.3320053815841675,-0.001540101133286953,-2.002716064453125e-05,-1.3339776992797852,2.3046875,7.990424156188965,-0.0024360818788409233,-6.878376007080078e-05,-8.004233360290527,0.004186556674540043,0.8892143368721008,1.3970361948013306,0.1953125,3.580815315246582,-0.20766854286193848,-1.3183300495147705,-2.5199642181396484,-2.6295852661132812,-2.6562108993530273,2.813416004180908,400
1.7656798362731934,-0.00015761423856019974,-5.519390106201172e-05,-1.7658138275146484,4.85546875,7.537529945373535,0.00021590013056993484,1.3709068298339844e-05,-7.535278797149658,0.0028535895980894566,0.8512237668037415,1.281315803527832,0.1640625,2.809811592102051,-0.3698381185531616,-1.0632684230804443,-2.1617705821990967,-2.2240378856658936,-2.2423486709594727,2.293668746948242,500
1.8508926630020142,6.891926750540733e-05,-8.606910705566406e-05,-1.8508647680282593,5.18359375,8.169622421264648,-0.0007891771383583546,8.52346420288086e-05,-8.17304801940918,0.13649104535579681,0.8129637837409973,1.2621815204620361,0.17578125,2.6009342670440674,-0.35707104206085205,-1.0114173889160156,-1.8215681314468384,-1.873063564300537,-1.8992763757705688,2.214797258377075,600
1.7075669765472412,-0.0010404707863926888,-3.337860107421875e-05,-1.7092515230178833,3.62109375,7.200135707855225,-0.0010671410709619522,-0.00010764598846435547,-7.2108893394470215,0.06694795936346054,0.7835159301757812,1.2904534339904785,0.21484375,2.4368979930877686,-0.2547723948955536,-1.27899169921875,-2.1013360023498535,-2.1722850799560547,-2.1968512535095215,2.1270556449890137,700
1.750622272491455,-0.001642756164073944,2.384185791015625e-07,-1.7541215419769287,4.50390625,7.111128807067871,-0.002520789857953787,-0.00023168325424194336,-7.147372245788574,0.09242858737707138,0.7564660906791687,1.203168272972107,0.171875,2.280726432800293,-0.42499789595603943,-1.3762438297271729,-1.698578953742981,-1.8044830560684204,-1.8301228284835815,1.8215161561965942,800
1.7324230670928955,-0.005305876024067402,-1.6450881958007812e-05,-1.737425446510315,3.51171875,7.085212230682373,-0.00041574565693736076,0.0006993412971496582,-7.084720611572266,0.11726130545139313,0.7299150228500366,1.224174976348877,0.20703125,2.1779062747955322,-0.3320595622062683,-1.069810390472412,-1.2176989316940308,-1.8478840589523315,-1.8860217332839966,1.7663772106170654,900
1.7231638431549072,-0.001476057805120945,1.9788742065429688e-05,-1.7254594564437866,3.875,6.9081244468688965,-0.0007624905556440353,0.00042879581451416016,-6.904965400695801,0.12811210751533508,0.7220498919487,1.1779656410217285,0.1796875,2.0842621326446533,-0.43598276376724243,-1.0144970417022705,-1.6285099983215332,-1.8443965911865234,-1.9240186214447021,1.5695359706878662,1000
1.7880620956420898,0.0007962174713611603,-4.13060188293457e-05,-1.7866071462631226,4.77734375,10.37523078918457,0.0019946061074733734,0.0004780292510986328,-10.147750854492188,0.6034876704216003,0.7393197417259216,1.1809147596359253,0.1953125,2.019540309906006,-0.40251871943473816,-1.0326788425445557,-1.650275468826294,-1.7674033641815186,-1.909124493598938,1.536961317062378,1100
1.4414482116699219,-0.0064447009935975075,-9.423494338989258e-05,-1.4480350017547607,3.0234375,9.330880165100098,-0.0018612407147884369,0.002475142478942871,-8.826775550842285,0.41711148619651794,0.743344247341156,1.1583691835403442,0.17578125,1.992093563079834,-0.47624683380126953,-1.0651440620422363,-1.3953319787979126,-1.6842021942138672,-2.0433242321014404,1.436832308769226,1200
1.7975653409957886,0.0013446705415844917,-0.0011221766471862793,-1.7839157581329346,4.30859375,11.947460174560547,-0.0027921064756810665,0.0002799034118652344,-11.42148208618164,0.8949605822563171,0.7424018383026123,1.1706923246383667,0.19140625,1.9484177827835083,-0.44240278005599976,-1.117180347442627,-1.6240743398666382,-2.13329815864563,-2.7889657020568848,1.365539312362671,1300
1.7759928703308105,0.00220798933878541,0.0005648136138916016,-1.7463655471801758,4.26171875,14.071954727172852,0.01184624433517456,-0.002866506576538086,-12.597278594970703,0.8715696334838867,0.725119411945343,1.2060465812683105,0.2109375,2.2527005672454834,-0.40246665477752686,-1.312586784362793,-1.1338245868682861,-1.8978309631347656,-2.875605344772339,1.4215176105499268,1400
1.794816493988037,0.004164488986134529,-0.002641916275024414,-1.7177116870880127,3.921875,11.49482250213623,0.03956729173660278,0.004040956497192383,-9.502374649047852,0.6582234501838684,0.7117776870727539,1.1758571863174438,0.1953125,1.9435920715332031,-0.45674699544906616,-1.4431610107421875,0.1355466991662979,-2.2217583656311035,-4.470825672149658,1.3367197513580322,1500
1.76961088180542,0.002622232772409916,8.410215377807617e-05,-1.7567386627197266,4.23046875,7.398221015930176,-0.02590838447213173,-0.002759277820587158,-6.123974800109863,0.17532041668891907,0.7040782570838928,1.2010859251022339,0.20703125,1.954524040222168,-0.4687557816505432,-2.6539759635925293,-0.2990421652793884,-1.5454013347625732,-2.975956678390503,1.462975025177002,1600
1.8273321390151978,0.02080010063946247,0.0015680789947509766,-1.7410774230957031,5.47265625,9.874537467956543,-0.06296087801456451,-0.007731258869171143,-8.618919372558594,0.30027762055397034,0.7006053924560547,1.139868974685669,0.1953125,1.919748067855835,-0.4931473731994629,-2.46769118309021,0.427209734916687,-2.059976100921631,-4.601532459259033,1.2379722595214844,1700
1.704433560371399,-0.02071291394531727,0.000994563102722168,-1.6919312477111816,4.59375,8.913636207580566,-0.02016976661980152,-0.0024605393409729004,-7.336482048034668,0.23637747764587402,0.6920042037963867,1.163728952407837,0.18359375,1.8677756786346436,-0.5491254329681396,-2.5170955657958984,-0.6498720645904541,-1.6968142986297607,-4.5294365882873535,1.2826862335205078,1800
2.4385933876037598,0.06576341390609741,0.0023148059844970703,-1.7440223693847656,4.30859375,19.635543823242188,-0.04306827485561371,-0.005068659782409668,-12.777826309204102,0.9641567468643188,0.6895706057548523,1.136448621749878,0.18359375,2.2059473991394043,-0.5153635740280151,-2.5016064643859863,1.2108243703842163,-2.0619263648986816,-4.369311809539795,1.1766759157180786,1900
1.7099871635437012,-0.012761905789375305,0.00038552284240722656,-1.7111561298370361,4.453125,6.673168659210205,-0.0011094938963651657,-0.0051070451736450195,-4.975303649902344,0.10354521125555038,0.6722099184989929,1.1070277690887451,0.21484375,1.7887730598449707,-0.48083046078681946,-2.309863328933716,-1.2991501092910767,-1.760770320892334,-4.788300514221191,1.1265718936920166,2000
1.7698981761932373,-0.014332696795463562,-0.0001672506332397461,-1.6755584478378296,4.2109375,18.763038635253906,-0.07551521807909012,-0.009303510189056396,-14.073644638061523,0.9306885004043579,0.6454212665557861,1.1670308113098145,0.24609375,1.858825445175171,-0.402352511882782,-3.178389310836792,0.405281662940979,-2.1630985736846924,-6.070179462432861,1.3191677331924438,2100
1.663973093032837,0.004409512504935265,0.0015103816986083984,-1.6149952411651611,4.4296875,22.566978454589844,-0.08209598064422607,-0.004023849964141846,-18.583938598632812,1.0507965087890625,0.6598321199417114,1.1604962348937988,0.21875,1.899216890335083,-0.42823326587677,-3.2404346466064453,-0.9984431862831116,-2.4909088611602783,-5.6903076171875,1.4011082649230957,2200
1.5302420854568481,0.006059261038899422,0.0018426179885864258,-1.3495899438858032,2.83984375,17.117015838623047,0.09671876579523087,0.0009537935256958008,-5.768691062927246,0.21901670098304749,0.6910094022750854,1.0578174591064453,0.18359375,1.6723542213439941,-0.5660226941108704,-2.669553279876709,-0.5960044860839844,-1.7276760339736938,-6.3636298179626465,0.9596017599105835,2300
1.9438674449920654,0.017360255122184753,0.0,-1.7329816818237305,4.5625,23.569128036499023,0.01705368608236313,0.0027123093605041504,-11.34222412109375,0.9027838110923767,0.6523628830909729,1.095985770225525,0.18359375,1.6289184093475342,-0.5931459665298462,-4.224104404449463,0.5374598503112793,-1.8792434930801392,-6.246620178222656,1.0191349983215332,2400
2.5681724548339844,0.052695032209157944,-0.0010260939598083496,-1.6471188068389893,3.71875,33.56126403808594,0.0961170420050621,0.013738512992858887,-10.661806106567383,0.577494740486145,0.6310688257217407,1.1012358665466309,0.234375,1.8061294555664062,-0.4865136742591858,-4.446197509765625,0.14809520542621613,-2.2444238662719727,-6.175946235656738,1.0671087503433228,2500
2.0756115913391113,0.008690317161381245,-0.0027407407760620117,-1.8238698244094849,5.01171875,23.56795883178711,0.04154485464096069,0.006636202335357666,-8.978395462036133,0.6957531571388245,0.6019110083580017,1.091477870941162,0.203125,4.336739540100098,-0.539462149143219,-4.813349723815918,-0.3251469135284424,-2.1404623985290527,-6.738185405731201,1.274948239326477,2600
2.9069716930389404,0.05487630143761635,0.0036412477493286133,-1.7781956195831299,5.5078125,27.009151458740234,-0.03619261831045151,0.006924867630004883,-13.572312355041504,0.9614044427871704,0.5771610140800476,1.1016716957092285,0.25,4.300895690917969,-0.4560568332672119,-5.242191791534424,-0.38891497254371643,-1.9719843864440918,-7.289371013641357,1.2255725860595703,2700
2.699864387512207,0.044741369783878326,0.002239227294921875,-1.8570133447647095,4.36328125,27.860990524291992,0.02508038654923439,0.014341294765472412,-14.885906219482422,1.062764048576355,0.5518991351127625,1.091552734375,0.19140625,3.82761812210083,-0.6304982900619507,-5.023039817810059,-0.621798038482666,-2.1148529052734375,-6.764779090881348,1.0824832916259766,2800
2.127439022064209,0.017925526946783066,0.0007036328315734863,-1.8066506385803223,4.25390625,36.546653747558594,-0.10624228417873383,-0.0016028285026550293,-3.409310817718506,0.13193447887897491,0.5441892743110657,1.0825707912445068,0.18359375,2.9562315940856934,-0.5996772050857544,-4.827141284942627,-0.32686230540275574,-1.395556926727295,-7.254004001617432,0.9987947940826416,2900
2.337867259979248,-0.035716548562049866,-0.0015617609024047852,-1.7339112758636475,3.7421875,27.557294845581055,0.02054630219936371,0.006959319114685059,-3.742276430130005,0.13560104370117188,0.5878454446792603,1.0580910444259644,0.19140625,2.384554862976074,-0.5729833841323853,-6.818941593170166,-0.240260049700737,-1.4772977828979492,-6.479267597198486,1.0203721523284912,3000
2.4742915630340576,0.04998224228620529,0.00041353702545166016,-1.7455711364746094,4.91015625,48.842750549316406,0.24349121749401093,0.02284371852874756,-5.6371002197265625,0.29058384895324707,0.6001448035240173,1.091507911682129,0.23046875,2.575289011001587,-0.5687029361724854,-6.0922088623046875,0.2336294949054718,-2.103494644165039,-6.658261299133301,1.1660254001617432,3100
2.596696615219116,-0.0009016245603561401,0.0010230541229248047,-1.809281826019287,4.83203125,128.61453247070312,0.2637881934642792,0.0005142092704772949,-19.09396743774414,0.7170587778091431,0.5789372324943542,1.1167430877685547,0.23046875,1.993112564086914,-0.5151674747467041,-4.882753372192383,-0.6926507353782654,-2.356602668762207,-7.962179183959961,1.344839334487915,3200
1.3948103189468384,0.04031625762581825,0.002662360668182373,-1.1377348899841309,2.3203125,43.00766372680664,-0.007222197949886322,0.002247035503387451,-7.542720317840576,0.3385330140590668,0.6260095834732056,1.0467383861541748,0.1875,1.5894547700881958,-0.5528467893600464,-1.9765973091125488,0.21769307553768158,-2.135998249053955,-7.414307117462158,0.9046930074691772,3300
2.9499704837799072,0.04066269099712372,-0.00041872262954711914,-1.8168513774871826,5.1328125,46.334205627441406,0.0239487923681736,-0.0021137595176696777,-13.269120216369629,1.0094282627105713,0.5986890196800232,1.1015982627868652,0.234375,3.894639492034912,-0.529475748538971,-2.82617449760437,0.03792816027998924,-1.9808834791183472,-7.58769416809082,1.1334468126296997,3400
2.951245069503784,0.030112549662590027,0.0005652308464050293,-1.7998583316802979,3.984375,28.907909393310547,-0.08094567060470581,-0.001927196979522705,-9.43275260925293,0.5286378264427185,0.5825636982917786,1.1852314472198486,0.2421875,3.1762001514434814,-0.4584915041923523,-5.78685188293457,-0.20345234870910645,-2.284933090209961,-7.554260730743408,1.4491019248962402,3500
2.4743900299072266,0.009695468470454216,2.682209014892578e-05,-1.7727134227752686,5.0625,47.89720153808594,-0.006658807396888733,0.003820478916168213,-5.416232109069824,0.2570298910140991,0.5902172923088074,1.1611621379852295,0.23828125,4.3737711906433105,-0.5058746337890625,-5.061491966247559,-0.27526015043258667,-1.852544903755188,-7.832200050354004,1.376571774482727,3600
2.955930233001709,-0.006229642778635025,0.0004031658172607422,-1.5505480766296387,2.7265625,78.23685455322266,-0.12338119745254517,0.0006744265556335449,-12.672384262084961,1.2150644063949585,0.5884416699409485,1.1468873023986816,0.23046875,3.7499375343322754,-0.5792176723480225,-7.070253849029541,0.5790503621101379,-2.1430892944335938,-7.942407131195068,1.4987223148345947,3700
3.518137216567993,0.015521259978413582,-0.0005639493465423584,-1.5224907398223877,4.05078125,75.15067291259766,0.14836062490940094,-0.002248108386993408,-13.090829849243164,1.0133503675460815,0.5954617857933044,1.1433660984039307,0.23046875,1.7900984287261963,-0.5948342084884644,-5.111628532409668,-0.29642871022224426,-2.87050199508667,-8.641127586364746,1.1245973110198975,3800
3.4683568477630615,-0.038150228559970856,-0.00021600723266601562,-1.8502949476242065,6.5859375,71.82356262207031,-0.2629258930683136,-0.00835573673248291,-15.776681900024414,1.1238700151443481,0.5949928164482117,1.1689321994781494,0.25390625,2.565572738647461,-0.5218583345413208,-8.269944190979004,-0.09571301937103271,-2.718201160430908,-8.773039817810059,1.4485138654708862,3900
2.7287144660949707,0.07290320098400116,0.00021946430206298828,-1.7419075965881348,4.71484375,49.25203323364258,0.003644270822405815,-6.014108657836914e-05,-5.254184722900391,0.20891383290290833,0.6275489926338196,1.098177433013916,0.23828125,6.062067985534668,-0.4297546148300171,-2.192507743835449,-0.21923081576824188,-1.9758410453796387,-8.70339584350586,1.338878870010376,4000
2.1812076568603516,-0.0072177257388830185,-0.00030535459518432617,-1.8670916557312012,7.02734375,43.58710479736328,0.01184382289648056,-0.0058269500732421875,-5.907157897949219,0.23801341652870178,0.6322250366210938,1.1130053997039795,0.20703125,1.589512825012207,-0.5848478674888611,-6.595325946807861,-0.20138517022132874,-2.08359694480896,-8.663607597351074,1.1031808853149414,4100
3.046645164489746,0.10477210581302643,0.000965118408203125,-1.7957180738449097,4.96875,20.57030487060547,-0.06995674967765808,0.0019739866256713867,-9.195998191833496,0.549958348274231,0.5909765362739563,1.1395862102508545,0.26171875,3.2603678703308105,-0.3987146019935608,-2.350431442260742,-0.1969510167837143,-2.66740083694458,-9.103837013244629,1.625758409500122,4200
3.26214599609375,0.06640241295099258,8.159875869750977e-05,-1.7956321239471436,5.21484375,47.764930725097656,-0.05060706287622452,0.0006769895553588867,-12.167844772338867,0.9149376153945923,0.5805568695068359,1.1995748281478882,0.234375,5.753199577331543,-0.46991097927093506,-3.835299253463745,-0.8178505301475525,-2.744724750518799,-9.039306640625,1.6533559560775757,4300
3.5025362968444824,0.050197407603263855,-0.000492587685585022,-1.7930716276168823,4.57421875,68.82369995117188,0.12701316177845,-0.0008766055107116699,-8.632667541503906,0.6065572500228882,0.5846410989761353,1.1814208030700684,0.25390625,3.865511417388916,-0.5368685126304626,-5.061309814453125,-0.12584766745567322,-2.1247265338897705,-10.008766174316406,1.3553969860076904,4400
3.496890068054199,0.004226122051477432,-0.000988781452178955,-2.058195114135742,7.5,47.76506042480469,-0.17135484516620636,0.002658069133758545,-13.44521713256836,1.0978630781173706,0.5849281549453735,1.3360389471054077,0.20703125,5.016014099121094,-0.7646812200546265,-9.59958553314209,-0.09936254471540451,-2.638928174972534,-9.834676742553711,2.0304441452026367,4500
2.717087745666504,0.00781376101076603,-0.003972053527832031,-1.9057050943374634,6.58203125,84.82383728027344,0.03836508095264435,0.005961775779724121,-8.494646072387695,0.6348771452903748,0.5993358492851257,1.18849515914917,0.234375,1.8533759117126465,-0.6211867332458496,-7.496224403381348,-0.3610900938510895,-2.710963249206543,-9.766142845153809,1.251253604888916,4600
4.649654388427734,-0.021802760660648346,-0.0005151927471160889,-1.771418809890747,4.30859375,81.78614807128906,0.09355528652667999,0.007392466068267822,-12.174217224121094,1.0696866512298584,0.5971012711524963,1.2471319437026978,0.265625,6.760316848754883,-0.5468733310699463,-7.625526428222656,-0.19956311583518982,-3.036466121673584,-10.726785659790039,1.8680965900421143,4700
3.7780203819274902,0.0625215694308281,0.0009534955024719238,-1.922215223312378,5.99609375,89.37471771240234,0.5266188383102417,0.017424821853637695,-7.250024318695068,0.4910651743412018,0.6076285243034363,1.1965882778167725,0.24609375,5.95082950592041,-0.5975300669670105,-6.568614959716797,-0.533077597618103,-3.259756088256836,-10.86774730682373,1.5492854118347168,4800
3.3682971000671387,0.06749819219112396,0.001882791519165039,-1.690575361251831,5.90234375,96.56804656982422,-0.24589288234710693,-4.509091377258301e-05,-12.075841903686523,0.9414688348770142,0.633581280708313,1.2248210906982422,0.21484375,5.468181133270264,-0.6401904821395874,-6.494497299194336,0.11338652670383453,-2.8725903034210205,-11.779216766357422,1.706418752670288,4900
1.84335458278656,-0.06737442314624786,-0.0018007755279541016,-1.8393805027008057,4.7421875,49.94355392456055,-0.06467807292938232,-0.010794758796691895,-4.877586364746094,0.1956057846546173,0.656079113483429,1.1416049003601074,0.203125,7.758971214294434,-0.5792747735977173,-7.164794921875,0.18018482625484467,-1.8500827550888062,-10.886781692504883,1.365997076034546,5000
2.0257070064544678,-0.061612457036972046,-0.0014666616916656494,-1.5469111204147339,4.1328125,122.68926239013672,0.1498236358165741,0.004045307636260986,-10.129483222961426,0.7754184603691101,0.6514126062393188,1.344680905342102,0.2421875,3.0215582847595215,-0.7892193794250488,-8.394379615783691,0.0074295708909630775,-3.0893137454986572,-11.773431777954102,1.565047264099121,5100
4.199245452880859,0.04658803343772888,-0.001869291067123413,-1.7837432622909546,3.69140625,80.53489685058594,0.14442475140094757,0.005333393812179565,-10.558036804199219,0.8569391369819641,0.6789274215698242,1.2278169393539429,0.26171875,6.48146390914917,-0.5771474838256836,-9.905381202697754,0.18066442012786865,-2.5994999408721924,-12.296890258789062,1.6311150789260864,5200
1.5673161745071411,0.03737229108810425,0.0024176836013793945,-1.1845905780792236,2.6015625,127.75061798095703,0.10347403585910797,0.007391870021820068,-11.878528594970703,1.0302693843841553,0.686226487159729,1.2396440505981445,0.1875,2.1145520210266113,-0.8184552192687988,-7.318495750427246,-0.3877555727958679,-3.7979679107666016,-13.621953010559082,1.1311535835266113,5300
2.7485435009002686,-0.007522666826844215,0.0012767314910888672,-1.9226100444793701,6.7578125,105.50874328613281,0.021667569875717163,0.005762755870819092,-11.389217376708984,0.9412652850151062,0.6995718479156494,1.1775767803192139,0.2421875,2.536421775817871,-0.6130436658859253,-7.224636077880859,0.013364922255277634,-3.247263193130493,-13.85045051574707,1.1292448043823242,5400
2.435481548309326,0.08871486783027649,8.493661880493164e-05,-1.577040195465088,3.78515625,159.18231201171875,0.6409546136856079,0.012137055397033691,-9.376897811889648,0.713811993598938,0.6943661570549011,1.2203130722045898,0.26171875,2.547576904296875,-0.6066844463348389,-8.868806838989258,-0.1682138890028,-3.6108503341674805,-13.381765365600586,1.6019842624664307,5500
2.248404026031494,-0.032343413680791855,0.00028324127197265625,-1.8479809761047363,4.546875,48.85659408569336,-0.2156302034854889,-0.00926220417022705,-9.31161880493164,0.7002512812614441,0.7042059898376465,1.2135870456695557,0.24609375,6.06810998916626,-0.5429655909538269,-6.140859603881836,-0.6152754426002502,-1.9003491401672363,-11.248350143432617,1.6886932849884033,5600
2.983098268508911,0.08084765076637268,0.0006252527236938477,-1.9261181354522705,4.58984375,55.788063049316406,0.2043674886226654,0.013723611831665039,-5.732355117797852,0.18672055006027222,0.7234116792678833,1.1641916036605835,0.23828125,3.239011764526367,-0.5616637468338013,-7.579150199890137,-0.40849655866622925,-2.280905246734619,-13.397811889648438,1.450239896774292,5700
2.075197219848633,-0.08087329566478729,0.0021662116050720215,-1.7912002801895142,4.6015625,74.98170471191406,0.10526663810014725,0.026221394538879395,-7.426587104797363,0.4374854564666748,0.6930525302886963,1.2255079746246338,0.20703125,2.1461172103881836,-0.7025017738342285,-11.015426635742188,-0.02953162044286728,-2.9094886779785156,-14.628072738647461,1.5132830142974854,5800
2.030269145965576,0.07021147012710571,0.0060356855392456055,-1.5419230461120605,3.21484375,112.38587951660156,0.09481458365917206,0.009506762027740479,-10.723851203918457,0.6890930533409119,0.6787288188934326,1.2282350063323975,0.23046875,3.1185708045959473,-0.6046154499053955,-6.207973957061768,-0.09478738903999329,-3.7709622383117676,-15.476322174072266,1.4026648998260498,5900
5.88679838180542,0.18340210616588593,0.009448885917663574,-1.7783398628234863,5.45703125,123.26614379882812,0.08347451686859131,0.025136351585388184,-14.461207389831543,0.9733216166496277,0.7021363973617554,1.3494175672531128,0.265625,7.123216152191162,-0.6271418333053589,-9.275178909301758,0.026174960657954216,-3.789931058883667,-15.325849533081055,2.2856879234313965,6000
2.1085262298583984,0.07053753733634949,0.0007961392402648926,-1.7339513301849365,4.7890625,47.28364562988281,0.07765475660562515,-0.012616991996765137,-6.614131450653076,0.22259394824504852,0.71877521276474,1.1311246156692505,0.22265625,3.474987268447876,-0.5201437473297119,-3.5976572036743164,-0.040575869381427765,-1.7920541763305664,-11.443960189819336,1.3000144958496094,6100
4.9946441650390625,-0.008491585031151772,-0.0015430450439453125,-1.952573299407959,4.97265625,162.3961639404297,0.028898846358060837,-0.002660691738128662,-10.82650375366211,0.639882504940033,0.7246681451797485,1.3015486001968384,0.23828125,6.098966598510742,-0.6069380044937134,-11.026150703430176,-0.16839605569839478,-2.6918282508850098,-15.193501472473145,2.2157578468322754,6200
3.8191683292388916,0.08356000483036041,0.02394634485244751,-1.6525176763534546,3.96484375,116.21045684814453,0.29838186502456665,0.10168927907943726,-11.417322158813477,0.7976325154304504,0.726228654384613,1.2378766536712646,0.2265625,2.813048839569092,-0.7436441779136658,-7.494267463684082,0.007848872803151608,-3.7457971572875977,-16.187192916870117,1.3149031400680542,6300
2.742262125015259,-0.043528009206056595,0.0016578435897827148,-1.9968867301940918,8.80859375,91.29841613769531,0.08388680219650269,0.06129944324493408,-14.27873420715332,1.0743814706802368,0.7330542206764221,1.247772455215454,0.26171875,2.586918354034424,-0.7385431528091431,-11.661970138549805,0.033827219158411026,-3.9161415100097656,-15.528078079223633,1.1604052782058716,6400
5.243439197540283,0.07732076942920685,0.014764457941055298,-1.964249849319458,5.52734375,107.24333190917969,-0.12069947272539139,0.061783432960510254,-13.045181274414062,0.9711734652519226,0.7418002486228943,1.1306593418121338,0.30078125,3.262810707092285,-0.6142489910125732,-4.928844451904297,-0.05974726006388664,-3.4114830493927,-14.943058967590332,1.0369104146957397,6500
4.823078155517578,0.04315424710512161,-0.0020959973335266113,-1.8530232906341553,5.30859375,95.86421203613281,0.05743233114480972,-0.01998424530029297,-13.350654602050781,1.0019290447235107,0.7468266487121582,1.0323199033737183,0.23046875,2.410552978515625,-0.7402064204216003,-5.532715797424316,-0.10849682241678238,-4.298403263092041,-16.290061950683594,0.6304905414581299,6600
4.943328857421875,0.1689605712890625,0.006468534469604492,-1.7277097702026367,3.73828125,134.98428344726562,0.20848850905895233,0.005373239517211914,-11.565311431884766,0.8223831057548523,0.7316150665283203,1.1244148015975952,0.30078125,3.8240983486175537,-0.7034661769866943,-7.070908069610596,0.08675282448530197,-4.190769672393799,-15.793264389038086,1.1121147871017456,6700
4.7408647537231445,0.004011437296867371,-0.006391048431396484,-1.9327526092529297,7.99609375,120.40918731689453,0.06145857274532318,-0.05515027046203613,-13.18894100189209,1.0358002185821533,0.7180067896842957,1.1444625854492188,0.26953125,6.655855655670166,-0.6730431914329529,-5.383219242095947,-0.18575026094913483,-5.703429698944092,-17.392620086669922,2.5187273025512695,6800
5.876920700073242,-0.040105946362018585,0.004050105810165405,-1.9160739183425903,9.1640625,95.19458770751953,0.03167423605918884,0.057956695556640625,-14.906120300292969,1.2429815530776978,0.7065087556838989,1.1162763833999634,0.265625,3.6379542350769043,-0.7627575397491455,-6.223754405975342,0.05950039625167847,-4.6966776847839355,-17.857919692993164,1.255724549293518,6900
4.423929214477539,-0.042234983295202255,0.013299822807312012,-2.142134666442871,9.01171875,109.83016967773438,-0.1275942027568817,-0.08025884628295898,-15.483543395996094,1.294597864151001,0.6844050884246826,1.0597457885742188,0.3046875,4.538124084472656,-0.6804175972938538,-5.992015361785889,0.031440041959285736,-3.827815532684326,-17.851720809936523,1.4675335884094238,7000
5.314634323120117,-0.030545003712177277,-0.0019038021564483643,-1.7753301858901978,4.765625,119.07215118408203,-0.3008408546447754,-0.07266151905059814,-14.031524658203125,1.1219724416732788,0.6885104179382324,1.133865475654602,0.28515625,3.7995481491088867,-0.8348912596702576,-12.744397163391113,-0.10156068950891495,-5.2194318771362305,-18.059040069580078,1.6667126417160034,7100
4.822752952575684,0.0912695974111557,0.003886699676513672,-1.6443674564361572,4.33203125,105.25648498535156,-0.2689566910266876,-0.04530692100524902,-12.614022254943848,0.9772154688835144,0.6924814581871033,1.2801405191421509,0.32421875,9.552752494812012,-0.5873908996582031,-8.481971740722656,-1.0742006301879883,-6.621036529541016,-17.554670333862305,5.479717254638672,7200
2.8000106811523438,0.09261500835418701,0.004869356751441956,-1.8227946758270264,5.609375,89.9200439453125,0.11834919452667236,0.06245136260986328,-11.836634635925293,0.9698893427848816,0.6875730156898499,1.0836113691329956,0.2421875,3.584092617034912,-0.7603070735931396,-4.755061149597168,0.1488664448261261,-3.423150062561035,-16.264448165893555,0.6659759283065796,7300
4.289579391479492,-0.03013135865330696,0.0018728822469711304,-1.797802448272705,5.80859375,119.59896087646484,0.0056724995374679565,0.07439184188842773,-13.821744918823242,1.1851686239242554,0.6675997376441956,1.2773118019104004,0.3125,6.04765510559082,-0.6526079177856445,-6.6374831199646,-0.005323059856891632,-4.839012145996094,-15.895471572875977,1.6792871952056885,7400
4.375297546386719,0.19483424723148346,0.024160347878932953,-1.389049768447876,3.390625,151.70138549804688,-0.16156622767448425,0.03490185737609863,-13.609538078308105,1.1119756698608398,0.6804488897323608,1.1051549911499023,0.34375,3.7475852966308594,-0.6565538048744202,-9.164920806884766,0.13580964505672455,-6.024137496948242,-17.93671989440918,1.5308220386505127,7500
8.497386932373047,0.16558372974395752,0.03150653839111328,-1.987461805343628,8.1015625,150.47412109375,0.49475300312042236,0.40495967864990234,-13.951406478881836,1.2899844646453857,0.6879911422729492,1.18314790725708,0.3203125,4.549526691436768,-0.6990224123001099,-7.518610000610352,0.3958417475223541,-5.62440299987793,-17.311187744140625,1.9175395965576172,7600
3.6696395874023438,-0.07698126137256622,-0.0028743743896484375,-1.8215140104293823,3.4609375,114.93578338623047,-0.16520169377326965,0.017137527465820312,-14.395186424255371,1.3483654260635376,0.6786343455314636,1.1531404256820679,0.3125,4.813114643096924,-0.7263612747192383,-5.604711532592773,-0.2931542992591858,-6.036991119384766,-18.493118286132812,1.2519478797912598,7700
3.0147905349731445,0.017746761441230774,0.0013088881969451904,-1.9217944145202637,8.56640625,79.90887451171875,-0.021873362362384796,-0.024883925914764404,-13.14971923828125,1.1455057859420776,0.6647313237190247,1.1173079013824463,0.26171875,5.49857759475708,-0.7810276746749878,-10.83588981628418,-0.20777367055416107,-3.5745863914489746,-13.745284080505371,1.7091143131256104,7800
7.39609956741333,0.13139748573303223,0.011952966451644897,-1.774972915649414,5.98046875,150.53204345703125,0.3814254105091095,0.029937148094177246,-13.853456497192383,1.144119143486023,0.6633455753326416,1.2782089710235596,0.29296875,6.399839878082275,-0.7443656921386719,-8.144529342651367,0.4433721601963043,-6.95367431640625,-18.704069137573242,2.1884098052978516,7900
4.844185829162598,0.13428111374378204,0.0037647783756256104,-1.9702293872833252,8.25390625,145.7440643310547,-0.013777453452348709,0.0011892318725585938,-13.983582496643066,1.0453399419784546,0.6666486859321594,1.084718108177185,0.30859375,3.190990924835205,-0.6749995946884155,-8.392471313476562,0.16574174165725708,-5.587840557098389,-18.505311965942383,1.929344892501831,8000
7.502790927886963,0.05183415114879608,0.009331226348876953,-2.0480456352233887,9.65625,111.24533081054688,-0.26588231325149536,-0.03117796778678894,-13.350621223449707,1.1487420797348022,0.6790637373924255,1.2709755897521973,0.30078125,3.8921945095062256,-0.8411470651626587,-9.072189331054688,-0.09421607851982117,-6.319191932678223,-18.53110694885254,1.9529706239700317,8100
6.027040958404541,-0.09471558034420013,-0.0012340545654296875,-1.8184133768081665,5.51953125,187.28817749023438,0.05069221183657646,-0.0023561418056488037,-15.56058120727539,1.324789047241211,0.6840447187423706,1.3367938995361328,0.27734375,7.3098978996276855,-0.8380869626998901,-9.515158653259277,0.013887149281799793,-6.634381294250488,-19.705440521240234,2.4544272422790527,8200
9.322861671447754,0.18558232486248016,0.06134265661239624,-1.9557173252105713,7.01953125,141.8742218017578,-0.08671492338180542,0.025670528411865234,-15.482919692993164,1.109084963798523,0.6884316802024841,1.309168815612793,0.30078125,7.191741466522217,-0.7471929788589478,-9.82437801361084,-0.20400874316692352,-8.441847801208496,-19.998624801635742,3.0684165954589844,8300
5.938149452209473,0.033860065042972565,0.0070157647132873535,-1.949193000793457,7.6015625,126.76913452148438,-0.28578686714172363,-0.07830578088760376,-16.801359176635742,1.3088042736053467,0.6901660561561584,1.3378089666366577,0.27734375,7.156181812286377,-0.772850513458252,-13.491336822509766,-0.03580944985151291,-6.621522903442383,-16.4721736907959,3.088566303253174,8400
7.785512924194336,-0.06184883043169975,0.017012111842632294,-1.8004237413406372,4.1875,177.92767333984375,-0.12010717391967773,-0.06100940704345703,-16.370765686035156,1.2299941778182983,0.6793429255485535,1.4318082332611084,0.30078125,5.432993412017822,-0.9900890588760376,-12.743940353393555,0.22332173585891724,-7.612425804138184,-18.787025451660156,3.013768434524536,8500
9.338698387145996,-0.041778117418289185,0.00875847041606903,-1.7275193929672241,4.90234375,194.80470275878906,-0.38429945707321167,-0.0035886764526367188,-18.638957977294922,1.2860469818115234,0.6883902549743652,1.408212423324585,0.3046875,5.844650745391846,-0.873629093170166,-11.338603019714355,-0.03710765391588211,-8.294240951538086,-20.208742141723633,3.2919368743896484,8600
7.6036882400512695,-0.013546980917453766,0.032743871212005615,-1.980222463607788,7.22265625,175.0802001953125,-0.04413801431655884,0.027152061462402344,-17.716686248779297,1.1813039779663086,0.68315589427948,1.198096752166748,0.3046875,3.932213068008423,-0.7803066372871399,-9.469413757324219,0.07019899785518646,-8.726720809936523,-19.13676643371582,1.587805986404419,8700
9.892004013061523,0.2013254463672638,0.004169940948486328,-1.6853132247924805,5.04296875,234.7105712890625,0.2906038165092468,0.002511948347091675,-16.867212295532227,1.214699625968933,0.6788491606712341,1.4569783210754395,0.3203125,9.210774421691895,-0.7176826596260071,-10.082352638244629,-0.03001539222896099,-7.814735412597656,-19.88780975341797,3.860034704208374,8800
5.745695114135742,-0.18641771376132965,0.002075180411338806,-1.8747122287750244,5.90625,210.71722412109375,-0.16749893128871918,0.00019359588623046875,-16.60369300842285,1.114752173423767,0.7013611197471619,1.4460303783416748,0.296875,6.060463905334473,-0.9178768396377563,-13.409486770629883,0.030391570180654526,-7.843603610992432,-19.682743072509766,3.1582682132720947,8900
5.343338489532471,0.10065579414367676,0.0008592009544372559,-2.451388120651245,10.19140625,96.78498840332031,-0.013342179358005524,-3.4689903259277344e-05,-18.194091796875,1.4924827814102173,0.6937199234962463,1.2406527996063232,0.265625,5.010324478149414,-0.5783433318138123,-9.600700378417969,-0.5965898036956787,-3.3104023933410645,-17.782718658447266,5.324890613555908,9000
3.6626648902893066,0.06265971064567566,0.001911759376525879,-1.8186900615692139,4.76171875,114.3873291015625,0.03055654466152191,-0.011430054903030396,-15.381951332092285,1.181928038597107,0.7512171864509583,1.184881329536438,0.20703125,4.407862663269043,-0.7742936015129089,-5.059261798858643,-0.09224077314138412,-3.2213268280029297,-17.417457580566406,1.073995590209961,9100
1.8055758476257324,0.04149060696363449,0.01239699125289917,-1.1431503295898438,1.6953125,169.53408813476562,-0.1813284307718277,0.009520351886749268,-13.772500991821289,1.1068178415298462,0.7416853308677673,1.1341142654418945,0.2421875,3.1202900409698486,-0.7481379508972168,-7.449806213378906,0.16025099158287048,-4.041729927062988,-18.201805114746094,0.9367066025733948,9200
7.49099063873291,0.0882352963089943,0.01006627082824707,-1.8459668159484863,4.9921875,162.8559112548828,-0.018869981169700623,0.051279932260513306,-15.078703880310059,1.2552241086959839,0.7145389914512634,1.3964446783065796,0.29296875,3.8302741050720215,-0.8892524242401123,-11.841625213623047,0.7657713294029236,-6.5873942375183105,-19.649377822875977,2.350498676300049,9300
4.635339260101318,0.07609402388334274,0.0008549392223358154,-1.791089653968811,4.94140625,189.94729614257812,0.1363821029663086,0.018672049045562744,-14.116841316223145,1.0435999631881714,0.6809155344963074,1.2745460271835327,0.2890625,3.3377151489257812,-0.8715764880180359,-12.382589340209961,0.17475131154060364,-5.527412414550781,-19.273969650268555,1.7302461862564087,9400
7.10199499130249,0.07720920443534851,0.009223580360412598,-1.90018630027771,5.46875,166.65768432617188,-0.09004528820514679,-0.06942987442016602,-14.21584701538086,1.0950489044189453,0.6584638953208923,1.370893120765686,0.32421875,8.414963722229004,-0.7100400328636169,-5.907857418060303,0.19304205477237701,-6.328957557678223,-19.92820930480957,2.1480727195739746,9500
6.719914436340332,0.13467325270175934,0.002428799867630005,-1.9109840393066406,4.86328125,175.21066284179688,-0.1811503767967224,-0.041301727294921875,-16.442968368530273,1.2159185409545898,0.672369658946991,1.430600881576538,0.328125,5.7674455642700195,-0.6776662468910217,-10.393267631530762,0.1698053479194641,-8.544422149658203,-20.593942642211914,2.386795997619629,9600
7.460545063018799,0.2589702606201172,0.01735273003578186,-1.2766296863555908,2.1953125,255.50640869140625,0.11100853979587555,0.27942848205566406,-17.323841094970703,1.2135719060897827,0.7085817456245422,1.5544312000274658,0.28515625,7.487812042236328,-0.9269739389419556,-11.234915733337402,0.6129570007324219,-10.208605766296387,-21.799009323120117,3.0011909008026123,9700
6.101706504821777,0.040702931582927704,0.003237396478652954,-1.7783311605453491,4.22265625,242.2491455078125,0.21677559614181519,0.028045654296875,-16.680513381958008,1.1982948780059814,0.7118690609931946,1.4384334087371826,0.296875,7.801124095916748,-0.9400119185447693,-9.430276870727539,-0.27787986397743225,-8.744754791259766,-21.516071319580078,2.611318588256836,9800
5.359311580657959,-0.05174657702445984,0.035001903772354126,-1.8668832778930664,5.71484375,210.296142578125,0.3574947416782379,0.08279895782470703,-16.894481658935547,1.1703537702560425,0.7230453491210938,1.6321847438812256,0.26171875,8.961026191711426,-1.0202152729034424,-9.923617362976074,0.04422999545931816,-9.133605003356934,-21.802446365356445,3.168600082397461,9900
8.63630485534668,-0.09294590353965759,0.006306648254394531,-2.054006576538086,6.3984375,235.9980926513672,-0.03492546081542969,-0.05392627418041229,-16.309629440307617,1.18136465549469,0.7254287004470825,1.6203160285949707,0.33984375,6.548822402954102,-0.9339374899864197,-14.556456565856934,0.1101994663476944,-9.219049453735352,-21.583335876464844,3.644145965576172,10000
5.024829864501953,-0.08688399195671082,0.0031288564205169678,-1.3698415756225586,2.91015625,234.3214569091797,-0.024797827005386353,-0.06494998931884766,-15.91214370727539,1.1757115125656128,0.727220356464386,1.8212125301361084,0.35546875,11.674822807312012,-0.6224365234375,-13.349215507507324,0.539297342300415,-10.44303035736084,-21.39557456970215,4.820669174194336,10100
4.779913902282715,0.11054867506027222,0.0014751553535461426,-1.9726754426956177,6.8984375,154.6634521484375,0.021848544478416443,-0.0011272132396697998,-14.860126495361328,1.0444339513778687,0.7271378636360168,1.2380088567733765,0.265625,11.244841575622559,-0.7899370193481445,-7.003846168518066,0.1748572289943695,-6.812042713165283,-21.858585357666016,2.1003682613372803,10200
8.337566375732422,0.16886067390441895,0.007095068693161011,-1.993819236755371,7.5078125,249.46485900878906,0.10234944522380829,0.10823535919189453,-15.57341480255127,1.101572871208191,0.7206148505210876,1.508502721786499,0.26171875,13.492415428161621,-0.9237828254699707,-9.784032821655273,-0.06026232987642288,-9.855962753295898,-23.246212005615234,3.0845863819122314,10300
12.136175155639648,0.007967054843902588,0.0019817352294921875,-2.2230782508850098,8.06640625,267.8974609375,0.1748204082250595,-0.0587921142578125,-15.73797607421875,1.1557080745697021,0.7315123081207275,1.6307038068771362,0.328125,9.832840919494629,-0.8974368572235107,-11.225634574890137,0.11254473030567169,-9.330490112304688,-22.54258918762207,4.213566780090332,10400
7.479630947113037,0.4355074465274811,0.029777079820632935,-1.7952003479003906,5.171875,190.51409912109375,-0.7199587225914001,-0.1583583950996399,-15.225946426391602,1.0554581880569458,0.74310702085495,1.4179030656814575,0.30078125,13.568171501159668,-0.6329542398452759,-5.9243927001953125,0.23144640028476715,-8.80759048461914,-22.724132537841797,4.157541275024414,10500
10.810805320739746,0.23826073110103607,0.008886709809303284,-1.9455512762069702,7.0390625,212.76516723632812,-0.0356326699256897,0.01082184910774231,-15.67902946472168,1.1309468746185303,0.7327448725700378,1.4344942569732666,0.3125,10.566166877746582,-0.8789563179016113,-11.219427108764648,0.38129276037216187,-8.788763046264648,-22.330074310302734,3.760011672973633,10600
9.26866626739502,-0.0019828323274850845,0.0074310302734375,-2.0236470699310303,6.40625,231.85079956054688,0.3378555178642273,0.04956388473510742,-15.89137077331543,1.118133306503296,0.7512597441673279,1.5654802322387695,0.296875,8.016956329345703,-0.9814959764480591,-9.437884330749512,-0.17746874690055847,-8.716290473937988,-23.748245239257812,3.322535514831543,10700
5.820495128631592,0.09820474684238434,0.00787353515625,-1.1808555126190186,2.26953125,212.48355102539062,0.27952319383621216,0.08259642124176025,-16.35563850402832,1.206997275352478,0.7615283131599426,1.4296700954437256,0.33203125,5.371015548706055,-0.9208733439445496,-11.056182861328125,0.48012393712997437,-9.918756484985352,-25.282907485961914,2.5128087997436523,10800
13.10172176361084,0.2879210412502289,0.029204830527305603,-2.1653032302856445,7.01953125,231.28338623046875,0.3112729489803314,0.15679073333740234,-15.69847583770752,1.1379969120025635,0.7564239501953125,1.482150912284851,0.26953125,8.271722793579102,-0.9455323219299316,-9.714523315429688,0.4094943404197693,-11.223880767822266,-24.111377716064453,2.8255321979522705,10900
6.865245819091797,0.09517241269350052,0.009730428457260132,-1.9795069694519043,4.609375,215.71160888671875,-0.3038274645805359,-0.006233662366867065,-15.691201210021973,1.1992487907409668,0.7569635510444641,1.4822783470153809,0.28515625,10.93191909790039,-0.6898950934410095,-10.84194564819336,0.22521758079528809,-7.741669178009033,-23.76630401611328,4.356368064880371,11000
10.370973587036133,0.14385157823562622,-0.004161357879638672,-2.3022396564483643,6.0625,233.79629516601562,0.1576818972826004,0.10283184051513672,-15.15680980682373,1.1450800895690918,0.7625564932823181,1.4929325580596924,0.30859375,7.117133140563965,-0.8993015885353088,-7.861821174621582,0.23093347251415253,-10.276531219482422,-24.704805374145508,2.8084874153137207,11100
11.645687103271484,-0.06428782641887665,0.016898632049560547,-2.043370246887207,5.5703125,245.10354614257812,0.1127738356590271,0.15870952606201172,-15.852171897888184,1.1645631790161133,0.7604939341545105,1.6450650691986084,0.31640625,11.91389274597168,-0.7624530792236328,-11.855348587036133,1.3457034826278687,-10.893682479858398,-25.04663848876953,5.224708557128906,11200
9.575482368469238,-0.026872649788856506,0.017711982131004333,-1.9712562561035156,5.2734375,248.81312561035156,0.008500594645738602,0.22921419143676758,-14.993011474609375,1.0738153457641602,0.7560513019561768,1.4828999042510986,0.359375,7.2585577964782715,-0.6264422535896301,-9.468249320983887,0.4134458005428314,-10.64259147644043,-25.361358642578125,3.671003818511963,11300
4.239148139953613,0.17630085349082947,0.0759643167257309,-1.289933204650879,2.58203125,272.9820556640625,0.1202293187379837,-0.12660175561904907,-15.312207221984863,1.0545698404312134,0.76056307554245,1.52724289894104,0.30078125,4.9682841300964355,-0.9934224486351013,-13.292680740356445,0.3610409200191498,-11.86303424835205,-25.49494171142578,3.241575002670288,11400
8.409473419189453,0.04446478933095932,0.023603379726409912,-2.039146900177002,5.08203125,393.7413635253906,0.572690486907959,0.3350839614868164,-16.69443702697754,1.263358473777771,0.7709328532218933,1.5179699659347534,0.36328125,8.118094444274902,-0.7269271612167358,-8.00637435913086,0.3244463801383972,-10.663410186767578,-25.529802322387695,3.0893964767456055,11500
9.218693733215332,0.04506833106279373,0.0051555633544921875,-2.0076980590820312,6.421875,297.5422668457031,0.34798285365104675,0.00485992431640625,-15.734333038330078,1.1967899799346924,0.786119818687439,1.586986780166626,0.32421875,15.30394172668457,-0.6727771759033203,-14.463874816894531,0.09744364768266678,-9.995339393615723,-24.35087776184082,4.866519927978516,11600
7.846083164215088,0.2080995738506317,0.002580411732196808,-1.9509916305541992,3.16015625,267.41693115234375,0.2477387636899948,0.06136021018028259,-15.601509094238281,1.1025623083114624,0.7850573658943176,1.6593754291534424,0.30078125,5.548162460327148,-0.965573251247406,-13.764396667480469,-0.23910826444625854,-11.669353485107422,-26.282684326171875,3.376011610031128,11700
10.424444198608398,0.15820550918579102,0.038482487201690674,-1.808945894241333,4.015625,328.08990478515625,-0.020298898220062256,0.05887889862060547,-16.507463455200195,1.3519467115402222,0.7792534828186035,1.544594645500183,0.3671875,17.721782684326172,-0.4021201729774475,-17.906993865966797,1.123805046081543,-9.673648834228516,-26.674089431762695,5.125552177429199,11800
8.078069686889648,0.23489698767662048,0.03972029685974121,-2.1267619132995605,5.99609375,312.6322937011719,0.16872330009937286,0.04086494445800781,-16.361114501953125,1.2530701160430908,0.7786838412284851,1.3729947805404663,0.30859375,4.7711381912231445,-0.890548586845398,-10.679773330688477,0.4234749376773834,-10.45206069946289,-26.406869888305664,2.254822015762329,11900
13.220357894897461,0.2666899561882019,0.008052363991737366,-2.1161608695983887,6.1328125,284.81097412109375,0.12287221848964691,0.10366582870483398,-14.627664566040039,1.0754565000534058,0.7740069627761841,1.7835975885391235,0.37109375,7.709678649902344,-0.6143374443054199,-14.118097305297852,0.8949406743049622,-10.689291000366211,-26.70777130126953,5.108973503112793,12000
7.22048282623291,0.09267565608024597,0.010221891105175018,-1.8972141742706299,4.5390625,271.5631103515625,-0.2590332627296448,0.11748917400836945,-16.631933212280273,1.2046209573745728,0.7726368308067322,1.437943696975708,0.33203125,7.294229030609131,-0.873586893081665,-10.355569839477539,0.13335855305194855,-10.326005935668945,-28.587203979492188,3.0411131381988525,12100
6.13253927230835,-0.0329146683216095,-0.0020335614681243896,-1.8485361337661743,5.08203125,207.75155639648438,-0.08578833192586899,0.02505001425743103,-15.591572761535645,1.1186916828155518,0.7798923254013062,1.323162317276001,0.2578125,7.092771053314209,-0.8729538917541504,-11.870455741882324,0.10005149990320206,-5.601830959320068,-25.908140182495117,2.772925853729248,12200
3.6494014263153076,0.11834892630577087,0.0049736276268959045,-1.2316288948059082,1.84765625,314.631591796875,0.5625990629196167,0.05614203214645386,-15.352457046508789,1.0995641946792603,0.7714248895645142,1.2771728038787842,0.33203125,6.917836666107178,-0.802237331867218,-8.407907485961914,0.5437983274459839,-8.655889511108398,-27.404455184936523,2.324373245239258,12300
5.195101737976074,0.08556148409843445,0.014696512371301651,-1.3769757747650146,2.55859375,277.15423583984375,-0.2157788723707199,-0.0015382766723632812,-15.458185195922852,1.1436361074447632,0.7820350527763367,1.3644318580627441,0.3046875,6.76033878326416,-0.8376127481460571,-8.408181190490723,0.2701348066329956,-12.013492584228516,-27.320680618286133,2.47794771194458,12400
10.29344367980957,0.20175881683826447,0.018850326538085938,-2.0158448219299316,5.62109375,321.0191955566406,0.5292948484420776,0.059356868267059326,-15.236106872558594,1.1105566024780273,0.7900062799453735,1.4935121536254883,0.3515625,16.394390106201172,-0.6736557483673096,-11.623894691467285,0.2412264496088028,-10.25517463684082,-27.59834861755371,5.632942199707031,12500
5.265169620513916,-0.011914797127246857,-0.0015822574496269226,-1.2332723140716553,2.2109375,348.25958251953125,0.6491690874099731,0.2970294952392578,-15.580816268920898,1.1562646627426147,0.7974310517311096,1.6059234142303467,0.27734375,4.321362018585205,-1.1932952404022217,-9.303911209106445,0.9125983715057373,-11.340070724487305,-29.835458755493164,2.492276668548584,12600
11.23703670501709,0.32109296321868896,0.011716842651367188,-2.102470874786377,6.39453125,263.4530029296875,0.23541083931922913,0.2091054916381836,-15.088035583496094,1.1443073749542236,0.800918698310852,1.437056303024292,0.3359375,11.42658805847168,-0.8823093175888062,-7.7960333824157715,0.22030241787433624,-11.067632675170898,-28.15443229675293,2.8065028190612793,12700
8.136438369750977,0.24198013544082642,0.03496086224913597,-1.9113421440124512,6.921875,256.62225341796875,0.07921771705150604,0.0894627571105957,-16.164779663085938,1.2840576171875,0.8018113374710083,1.462907075881958,0.34375,10.22488784790039,-0.7888662815093994,-16.44083595275879,0.2757597863674164,-9.379964828491211,-28.414878845214844,4.258690357208252,12800
9.274179458618164,0.24853038787841797,0.08717234432697296,-1.6899935007095337,3.609375,309.4475402832031,-0.008628860116004944,0.024836182594299316,-14.647499084472656,0.9621343016624451,0.7998052835464478,1.5226433277130127,0.328125,10.471155166625977,-0.80558180809021,-13.173391342163086,0.042300112545490265,-12.180805206298828,-28.88319969177246,4.920008659362793,12900
8.953119277954102,-0.010535173118114471,0.0005300343036651611,-2.070486307144165,5.54296875,273.86505126953125,0.14709682762622833,-0.010424315929412842,-15.46734619140625,1.1916474103927612,0.8061110377311707,1.4026871919631958,0.26171875,4.325378894805908,-0.9649748206138611,-8.188461303710938,0.03197142854332924,-10.531259536743164,-27.96271514892578,2.5777063369750977,13000
8.529668807983398,-0.05995411425828934,0.015177726745605469,-2.101625919342041,6.3125,245.630126953125,0.3651903569698334,-0.030648231506347656,-15.15776252746582,1.1282562017440796,0.8041579127311707,1.5939030647277832,0.3046875,5.565517902374268,-0.9481074810028076,-11.586222648620605,0.22607985138893127,-12.330204963684082,-30.097776412963867,3.0840492248535156,13100
8.77052116394043,0.030002526938915253,-0.008802294731140137,-2.0395667552948,6.94921875,211.92298889160156,0.2903262972831726,0.08714497089385986,-14.270364761352539,1.031746745109558,0.8033676147460938,1.4236688613891602,0.33203125,6.844522476196289,-0.8435734510421753,-9.29233169555664,-0.11392766237258911,-9.678325653076172,-27.8585147857666,3.314847469329834,13200
9.466630935668945,0.19010710716247559,0.06643486022949219,-1.9522875547409058,4.359375,283.59051513671875,-0.254165381193161,-0.2880115509033203,-15.01150894165039,1.1270170211791992,0.8033122420310974,1.795156478881836,0.35546875,7.1275200843811035,-1.1613223552703857,-25.56466293334961,0.17064382135868073,-10.446971893310547,-29.1984920501709,5.891767501831055,13300
7.061625957489014,-0.004061367362737656,0.007017485797405243,-1.9779736995697021,5.85546875,290.5380859375,-0.068851538002491,0.021432876586914062,-14.741256713867188,1.0713447332382202,0.8113894462585449,1.406578779220581,0.3046875,9.446117401123047,-0.8492144346237183,-11.545011520385742,0.3585019111633301,-12.34642219543457,-30.73548698425293,3.298947334289551,13400
7.830708980560303,0.12641239166259766,-0.010339349508285522,-1.53592848777771,3.484375,367.31976318359375,0.18996641039848328,0.13621997833251953,-14.90212631225586,1.0377706289291382,0.8178505301475525,1.4012176990509033,0.3359375,5.483591079711914,-0.8729113340377808,-11.815889358520508,0.4956737458705902,-11.911971092224121,-29.681137084960938,3.471669912338257,13500
8.634920120239258,0.0800776332616806,0.042360007762908936,-1.6210803985595703,3.11328125,321.36224365234375,-0.21793265640735626,0.11579036712646484,-16.17805290222168,1.1714807748794556,0.8147732019424438,1.6403164863586426,0.3046875,7.8630242347717285,-1.1321214437484741,-16.3680419921875,0.001948789693415165,-10.568241119384766,-29.670921325683594,4.120772361755371,13600
6.860551834106445,0.14972001314163208,0.0008251667022705078,-1.863452434539795,5.2578125,306.2186584472656,-0.5819933414459229,-0.2141561508178711,-15.151337623596191,1.1477113962173462,0.8209307789802551,1.674340009689331,0.3125,10.260672569274902,-0.6028931736946106,-11.841278076171875,0.167870432138443,-11.557025909423828,-30.021587371826172,4.623240947723389,13700
5.443151473999023,0.015945330262184143,0.00020968914031982422,-1.9176808595657349,5.26953125,342.634765625,0.9864450097084045,0.15078750252723694,-14.159442901611328,0.9809268116950989,0.8255438208580017,1.5590505599975586,0.27734375,7.767966270446777,-0.992734968662262,-14.690037727355957,0.14073187112808228,-8.870867729187012,-30.32737922668457,3.8287620544433594,13800
9.3926420211792,0.1211727038025856,0.005784034729003906,-1.9327641725540161,5.16015625,310.9473876953125,0.6556755900382996,0.1883687973022461,-14.658853530883789,1.0745192766189575,0.8083519339561462,1.468235731124878,0.30078125,8.50080394744873,-0.880300760269165,-13.21663761138916,0.16518080234527588,-10.747379302978516,-30.159299850463867,3.360741138458252,13900
7.233043670654297,-0.29020342230796814,-0.015438087284564972,-2.1438467502593994,6.7109375,306.2408142089844,0.4338377118110657,0.04000091552734375,-15.78449821472168,1.1816368103027344,0.8149225115776062,1.682539463043213,0.3125,11.351802825927734,-0.9581460952758789,-14.559013366699219,0.624131441116333,-10.537862777709961,-31.051843643188477,5.899692535400391,14000
8.802735328674316,-0.07773878425359726,0.016754627227783203,-2.0925490856170654,6.1953125,344.75421142578125,0.5509656071662903,0.24080228805541992,-15.931230545043945,1.196543574333191,0.8324745297431946,1.5674042701721191,0.32421875,12.179484367370605,-0.853972315788269,-9.482571601867676,-0.003209115006029606,-12.214420318603516,-30.686344146728516,5.318527698516846,14100
14.480461120605469,0.3645439147949219,0.014429353177547455,-2.0340561866760254,4.76953125,281.4103088378906,0.029798299074172974,0.009152889251708984,-15.068822860717773,1.1372028589248657,0.834766685962677,1.7620902061462402,0.3515625,8.207531929016113,-0.6969776153564453,-13.253120422363281,0.030855325981974602,-13.031951904296875,-31.2875919342041,5.682497978210449,14200
15.028915405273438,0.6254131197929382,0.10678291320800781,-2.1131632328033447,6.62890625,265.50067138671875,-0.5478674173355103,-0.29804790019989014,-15.032673835754395,1.1052058935165405,0.8354841470718384,1.4078567028045654,0.3203125,6.038119316101074,-0.8663009405136108,-7.376991271972656,0.4745340347290039,-10.377872467041016,-30.320375442504883,3.7620606422424316,14300
11.9169282913208,0.289928138256073,0.008013248443603516,-2.153174638748169,6.46875,301.57806396484375,0.028031259775161743,-0.1417255401611328,-14.002082824707031,1.0170574188232422,0.8501977920532227,1.604536533355713,0.34375,6.461268901824951,-0.8045814633369446,-13.451558113098145,0.3069666922092438,-11.550614356994629,-31.813934326171875,3.7459802627563477,14400
8.319314956665039,0.06453551352024078,0.032303690910339355,-1.3876352310180664,2.12109375,355.91900634765625,0.19555772840976715,0.06741303205490112,-15.065203666687012,1.0905368328094482,0.855285108089447,1.642589807510376,0.3359375,5.783036231994629,-0.993750810623169,-20.340261459350586,0.12088777124881744,-12.190984725952148,-30.853134155273438,5.032500743865967,14500
9.483139038085938,0.2994903028011322,0.061011314392089844,-2.047150135040283,5.37890625,330.1070556640625,0.49592456221580505,0.30168455839157104,-14.57686996459961,1.0492210388183594,0.8516826629638672,1.6105718612670898,0.3359375,6.373874664306641,-0.9458308219909668,-14.103469848632812,0.18444368243217468,-11.340383529663086,-33.56656265258789,3.5718295574188232,14600
11.655349731445312,0.13875886797904968,0.023854665458202362,-2.3190507888793945,6.296875,260.7198791503906,-0.055476605892181396,-0.021521568298339844,-14.162555694580078,0.9854381680488586,0.8427600860595703,1.4765586853027344,0.328125,7.790590286254883,-0.7904580235481262,-12.010420799255371,0.469643771648407,-12.112687110900879,-30.694971084594727,4.197088718414307,14700
8.65884780883789,0.19077661633491516,0.035393744707107544,-2.2231130599975586,6.375,307.9942321777344,0.4696369767189026,0.30743408203125,-14.186951637268066,0.9788194894790649,0.8366381525993347,1.5702202320098877,0.328125,7.017413139343262,-1.093179702758789,-23.325984954833984,0.16035287082195282,-11.068489074707031,-31.96343421936035,4.413706302642822,14800
11.73529052734375,0.26869916915893555,0.033770084381103516,-1.9014889001846313,4.9375,322.2992248535156,0.3265402019023895,0.2710742950439453,-13.338921546936035,0.9483594298362732,0.8469545245170593,1.7355751991271973,0.3515625,7.427481651306152,-0.6183573007583618,-12.15249252319336,0.9280235767364502,-12.275688171386719,-31.677640914916992,4.462989807128906,14900
13.137106895446777,0.3171573281288147,0.021639108657836914,-2.3858590126037598,7.40625,278.33648681640625,-0.11409888416528702,0.11420619487762451,-13.76116943359375,0.9505266547203064,0.8579303622245789,1.5090713500976562,0.33984375,6.496883392333984,-0.9608554840087891,-12.834371566772461,-0.10907796025276184,-11.128143310546875,-31.570236206054688,3.7206168174743652,15000
8.462727546691895,0.11016643047332764,0.00437454879283905,-2.0490360260009766,5.515625,331.2192077636719,0.23069751262664795,-0.05724918842315674,-15.050725936889648,1.0666818618774414,0.8655422329902649,1.5700609683990479,0.33203125,15.51216983795166,-0.9631729125976562,-8.416446685791016,0.12668126821517944,-11.467178344726562,-34.041080474853516,4.396371364593506,15100
6.877569675445557,0.1365237534046173,0.03472831845283508,-1.9682505130767822,4.79296875,299.2724609375,-0.4295114278793335,-0.2126140594482422,-14.656105041503906,1.0743106603622437,0.8789542317390442,1.5099680423736572,0.296875,11.261286735534668,-0.8900095820426941,-11.658949851989746,0.07348392903804779,-11.29255485534668,-32.67742156982422,3.6533260345458984,15200
15.44483757019043,0.34738844633102417,0.0550508052110672,-2.26080322265625,5.5703125,349.68695068359375,0.47312599420547485,0.12866102159023285,-14.662740707397461,1.0502471923828125,0.8817909359931946,1.626723289489746,0.3203125,6.405122756958008,-0.9325377345085144,-14.828567504882812,0.23144857585430145,-12.132328033447266,-31.90995979309082,5.179067611694336,15300
4.021004676818848,0.034728650003671646,0.00020009279251098633,-2.0000457763671875,5.2265625,82.82069396972656,-0.21013471484184265,-0.016851067543029785,-12.355384826660156,0.8599710464477539,0.8912197351455688,1.1270980834960938,0.22265625,10.697957992553711,-0.7808064818382263,-12.640298843383789,-0.0430501252412796,-1.7523506879806519,-14.804771423339844,1.909578800201416,15400
2.6212611198425293,-0.026366636157035828,1.3232231140136719e-05,-1.8489586114883423,5.19921875,155.63143920898438,0.28252190351486206,0.0,-10.407018661499023,0.42388343811035156,0.8050611615180969,1.1857213973999023,0.203125,7.477260589599609,-0.915238618850708,-9.922796249389648,-0.1180092841386795,-3.2432303428649902,-24.342166900634766,1.4280083179473877,15500
4.719846248626709,0.03169887885451317,-0.012844383716583252,-1.7830151319503784,4.546875,185.11106872558594,-0.3398657441139221,0.0395626425743103,-11.689464569091797,0.6238651275634766,0.7627848982810974,1.3662359714508057,0.234375,14.055608749389648,-0.8961424231529236,-14.513018608093262,0.10106809437274933,-4.997260093688965,-25.83983612060547,3.194823741912842,15600
2.9864249229431152,-0.054418981075286865,-0.0012987852096557617,-1.7472150325775146,3.33984375,145.16119384765625,0.09851197898387909,0.023745596408843994,-9.381674766540527,0.3588634431362152,0.7662242650985718,1.2470924854278564,0.234375,8.804098129272461,-0.8945522904396057,-13.918917655944824,0.07920823246240616,-3.6496706008911133,-25.739822387695312,1.943982720375061,15700
3.6980602741241455,-0.07040117681026459,0.0005875825881958008,-1.987881064414978,5.8984375,193.73573303222656,-0.08770918101072311,0.055680423974990845,-12.352561950683594,0.7148999571800232,0.7596373558044434,1.228501796722412,0.2265625,6.201555252075195,-0.8098354339599609,-7.903231620788574,0.19044330716133118,-5.587488174438477,-25.466711044311523,1.2745001316070557,15800
4.6249189376831055,0.05025041103363037,0.004724264144897461,-1.768311858177185,4.4375,172.2189483642578,-0.13435935974121094,-0.0399993360042572,-12.928739547729492,0.815994381904602,0.7687656879425049,1.288378119468689,0.25390625,6.786421775817871,-0.8779913187026978,-11.589803695678711,0.3464985191822052,-4.573730945587158,-24.701854705810547,1.9503192901611328,15900
3.9865598678588867,0.009010795503854752,-0.006147831678390503,-1.914475440979004,5.11328125,213.42417907714844,-0.3980267643928528,-0.21919524669647217,-16.496280670166016,1.256449580192566,0.7686406970024109,1.2509095668792725,0.2734375,4.994025230407715,-0.7350845336914062,-6.389588356018066,0.5007625818252563,-6.637299537658691,-25.362865447998047,1.6763019561767578,16000
4.324815273284912,-0.1320386826992035,-0.003258228302001953,-1.9846954345703125,5.2421875,169.14111328125,-0.13767941296100616,0.2108783721923828,-14.080570220947266,0.971696674823761,0.7676792144775391,1.1797606945037842,0.28125,2.842094898223877,-0.8239875435829163,-7.044826984405518,0.06175396591424942,-6.158761024475098,-25.63030242919922,1.4605941772460938,16100
4.202014446258545,-0.03301187604665756,0.0,-2.1397411823272705,6.48046875,135.6524658203125,-0.10561570525169373,-0.024395346641540527,-14.32460880279541,1.0107886791229248,0.7625113129615784,1.4012336730957031,0.25390625,8.971580505371094,-0.9985353350639343,-12.745403289794922,0.2043883502483368,-6.321946144104004,-26.965364456176758,2.5421175956726074,16200
7.3820085525512695,0.25443533062934875,0.002513095736503601,-1.9330710172653198,4.93359375,262.5545349121094,0.3026354908943176,0.04182189702987671,-14.90920352935791,1.168436050415039,0.7445387244224548,1.3705543279647827,0.265625,5.916769027709961,-0.888422429561615,-9.102741241455078,0.09818878024816513,-8.582563400268555,-28.163917541503906,2.437865734100342,16300
7.963900566101074,0.24529153108596802,0.051817312836647034,-1.7087666988372803,4.00390625,301.14312744140625,0.6658280491828918,0.206709623336792,-15.990461349487305,1.1081758737564087,0.7495118975639343,1.4998388290405273,0.3203125,4.296139717102051,-0.7114006876945496,-9.505867958068848,0.5744162201881409,-5.391319751739502,-26.515865325927734,2.4658923149108887,16400
5.440230369567871,-0.00969565287232399,-0.01335403323173523,-2.1299233436584473,5.90234375,148.9739990234375,-0.379615843296051,-0.05839967727661133,-12.29520034790039,0.8361406326293945,0.7195138931274414,1.2479562759399414,0.2890625,3.4291763305664062,-0.8707321882247925,-7.3031816482543945,0.6900578141212463,-4.951263427734375,-25.530431747436523,1.3495924472808838,16500
6.5763959884643555,0.10385414958000183,0.041618846356868744,-1.8267192840576172,5.39453125,224.54519653320312,0.2472085952758789,0.3124103546142578,-13.212715148925781,0.9115743637084961,0.7064948081970215,1.6371492147445679,0.3203125,11.889519691467285,-0.8586524724960327,-7.726649761199951,0.3795006573200226,-7.462433815002441,-26.157846450805664,3.439426898956299,16600
10.753128051757812,0.11465028673410416,0.018439769744873047,-2.29787015914917,5.0390625,192.23248291015625,-0.5259115695953369,-0.1700916290283203,-15.394550323486328,1.152633786201477,0.7198781371116638,1.5679062604904175,0.31640625,8.410975456237793,-0.8815617561340332,-9.880646705627441,-0.034315526485443115,-10.711429595947266,-27.672157287597656,3.685988664627075,16700
8.262198448181152,0.0029171928763389587,0.006637096405029297,-2.275057792663574,5.921875,245.04623413085938,0.4331989884376526,0.2062181830406189,-13.531838417053223,0.9626731872558594,0.749176025390625,1.6466820240020752,0.3046875,9.713980674743652,-0.9092079401016235,-9.868963241577148,0.744646430015564,-9.091859817504883,-26.65705108642578,4.48698091506958,16800
7.468565464019775,0.2762918472290039,0.0342501625418663,-1.9812589883804321,6.03125,213.70199584960938,-0.09274333715438843,-0.20943951606750488,-15.04605484008789,1.1690759658813477,0.7499656677246094,1.4834613800048828,0.28515625,5.740140438079834,-0.8847970962524414,-8.91308307647705,0.46044519543647766,-7.863912105560303,-29.26515769958496,2.7688722610473633,16900
8.434682846069336,-0.057602010667324066,-0.002291932702064514,-2.1702020168304443,5.0859375,226.4560546875,-0.09875182807445526,-0.035233497619628906,-16.033302307128906,1.239848256111145,0.7650639414787292,1.5231640338897705,0.3359375,9.351288795471191,-0.672486424446106,-8.851590156555176,0.11075542867183685,-9.035856246948242,-28.548755645751953,3.810945749282837,17000
9.875327110290527,0.06990109384059906,0.0018939971923828125,-2.0970470905303955,6.78125,189.949462890625,-0.16391827166080475,0.294710636138916,-13.588863372802734,0.9541001319885254,0.7531241178512573,1.657098412513733,0.2890625,5.525649070739746,-1.1925126314163208,-10.682844161987305,0.10118917375802994,-9.239776611328125,-28.2381649017334,3.121335029602051,17100
8.058167457580566,0.06252645701169968,0.0424329936504364,-2.2683982849121094,5.8671875,251.7823486328125,0.2715435028076172,-0.03730359673500061,-15.202526092529297,1.048702597618103,0.7642621397972107,1.5963071584701538,0.29296875,20.222091674804688,-0.8146986961364746,-9.202826499938965,0.20389601588249207,-9.407367706298828,-27.66832160949707,5.511985778808594,17200
7.762033462524414,-0.19732147455215454,-0.006177261471748352,-2.0466818809509277,4.70703125,218.2527618408203,-0.8699800968170166,-0.5232996940612793,-14.428316116333008,1.052673101425171,0.7894973158836365,1.5831267833709717,0.3203125,8.066581726074219,-0.9937120079994202,-20.68161964416504,0.767037570476532,-8.825338363647461,-28.21649742126465,4.891165256500244,17300
11.539965629577637,0.08795957267284393,0.06260800361633301,-1.9956525564193726,3.90625,268.6604309082031,-0.8934885859489441,-0.26463985443115234,-15.72716999053955,1.3118747472763062,0.8087034225463867,1.8034908771514893,0.3515625,15.32579231262207,-0.27329081296920776,-20.46632957458496,-0.18226145207881927,-12.407279968261719,-28.87604331970215,7.240302085876465,17400
10.247488021850586,0.2182847559452057,0.023380836471915245,-2.125610828399658,4.60546875,269.0914306640625,-0.3203064501285553,-0.13083934783935547,-15.348831176757812,1.1624374389648438,0.8315820097923279,1.5571403503417969,0.35546875,11.806781768798828,-0.8046422600746155,-17.24279022216797,0.7298141121864319,-8.283990859985352,-30.3138427734375,4.978634834289551,17500
8.789464950561523,-0.08636263757944107,0.0009255409240722656,-1.9972853660583496,5.30078125,304.30902099609375,-0.14544299244880676,0.030302047729492188,-14.694948196411133,1.0962390899658203,0.830235481262207,2.096914291381836,0.3046875,14.395547866821289,-0.42012378573417664,-14.606696128845215,0.7395741939544678,-10.392780303955078,-30.07010841369629,6.6769185066223145,17600
9.851934432983398,0.3479858934879303,0.05816221237182617,-1.859917163848877,3.84375,348.4625244140625,0.5110934972763062,0.10264396667480469,-14.047636032104492,1.0435808897018433,0.8374292254447937,1.7686964273452759,0.328125,11.409016609191895,-0.7751374840736389,-20.5015811920166,0.46823570132255554,-13.256214141845703,-31.41069793701172,6.582916259765625,17700
9.79891586303711,0.19017967581748962,0.006548881530761719,-2.0610265731811523,5.140625,271.296630859375,0.702832818031311,0.47412776947021484,-13.798033714294434,0.9938428997993469,0.8397606015205383,1.5862209796905518,0.3515625,14.997187614440918,-0.762598991394043,-8.957122802734375,0.10652294754981995,-11.594874382019043,-30.068378448486328,4.273410797119141,17800
10.133792877197266,0.09609957039356232,0.043861255049705505,-2.1760122776031494,6.22265625,274.3623352050781,-0.20461934804916382,0.2036440372467041,-14.496625900268555,1.0478088855743408,0.8426498770713806,1.4559698104858398,0.3046875,11.203327178955078,-0.8687489032745361,-17.989315032958984,0.6328468322753906,-11.475292205810547,-28.789247512817383,4.141335487365723,17900
11.477520942687988,0.22585321962833405,0.008571654558181763,-2.1584854125976562,5.375,267.7694091796875,-0.5348029136657715,0.0024566650390625,-14.19424819946289,1.0147449970245361,0.8503479361534119,1.5496238470077515,0.31640625,13.690340042114258,-0.7877618670463562,-8.300594329833984,0.5173085331916809,-11.797904014587402,-29.748014450073242,4.707864761352539,18000
11.892518997192383,0.4311504662036896,0.12761354446411133,-2.1345019340515137,5.73828125,237.60601806640625,-0.18909518420696259,0.09560489654541016,-14.3585205078125,1.088802695274353,0.8562144637107849,1.6563746929168701,0.3046875,7.545022010803223,-0.7166681289672852,-9.728700637817383,0.687157392501831,-11.018136978149414,-32.90004348754883,3.767086982727051,18100
8.410959243774414,0.24637921154499054,0.052150383591651917,-1.7050546407699585,3.16015625,371.4925231933594,0.5084014534950256,0.6082878112792969,-14.052940368652344,0.9945245981216431,0.8459070324897766,1.545278787612915,0.3671875,10.427815437316895,-0.7001257538795471,-10.752796173095703,0.9906364679336548,-11.617387771606445,-29.242664337158203,5.775968551635742,18200
7.7504682540893555,0.09251902997493744,0.07046343386173248,-1.6632001399993896,3.53515625,279.1629333496094,0.2887515425682068,0.012442588806152344,-14.432535171508789,1.0346832275390625,0.8472622036933899,1.435916543006897,0.3203125,6.705877304077148,-0.9021775126457214,-12.63587760925293,0.6502619981765747,-11.411182403564453,-30.12093734741211,3.2732245922088623,18300
7.058008670806885,0.049999356269836426,0.028331279754638672,-1.9863091707229614,5.4296875,273.3406982421875,-0.4683201313018799,-0.21279621124267578,-14.14776611328125,1.0384734869003296,0.8491441607475281,1.410832405090332,0.34375,6.559521675109863,-0.81673663854599,-7.790445327758789,0.3264939486980438,-11.274665832519531,-30.377614974975586,2.922581672668457,18400
13.474081993103027,0.19216974079608917,0.026440858840942383,-2.1164751052856445,5.15234375,278.2096862792969,0.40548014640808105,0.088775634765625,-13.863561630249023,0.9959430694580078,0.8595165610313416,1.474503517150879,0.30078125,5.459585189819336,-0.892980694770813,-8.865859985351562,0.26565611362457275,-12.755916595458984,-31.407394409179688,3.3504881858825684,18500
6.920924186706543,0.1835005283355713,0.042690157890319824,-1.6702935695648193,4.7265625,293.457763671875,-0.7240288257598877,-0.054241836071014404,-15.208175659179688,1.1202194690704346,0.8492687344551086,1.468071460723877,0.34765625,9.295747756958008,-0.67885422706604,-20.35612678527832,0.2032707929611206,-9.99757194519043,-30.665414810180664,5.280032157897949,18600
8.25390625,0.0754324346780777,0.007560253143310547,-1.9871551990509033,4.3828125,318.43096923828125,0.4216814339160919,0.09597848355770111,-13.587176322937012,0.9309206008911133,0.852837860584259,1.3814170360565186,0.30859375,5.183128356933594,-0.8806824088096619,-9.849550247192383,0.4641133248806,-11.594003677368164,-32.11109924316406,3.0559732913970947,18700
9.348422050476074,0.36234864592552185,0.08619490265846252,-1.9674484729766846,4.26953125,324.6241455078125,0.137491375207901,0.1063147634267807,-14.653707504272461,1.0714600086212158,0.8471580743789673,1.3868114948272705,0.33203125,8.00330924987793,-0.8354206085205078,-13.067726135253906,0.5755617618560791,-11.528188705444336,-32.72760772705078,3.1217782497406006,18800
8.814547538757324,0.2603834569454193,0.035592228174209595,-2.0718841552734375,5.484375,338.91461181640625,0.697352409362793,0.8543605804443359,-14.821484565734863,1.0679949522018433,0.8488923907279968,1.695500135421753,0.26171875,4.260311126708984,-0.9571349620819092,-17.21706199645996,-0.07143139839172363,-11.394664764404297,-31.526519775390625,5.367464065551758,18900
7.961936950683594,0.1800384521484375,0.031111717224121094,-1.624711275100708,4.00390625,265.4595031738281,-0.8550523519515991,-0.2204265594482422,-14.543070793151855,1.067545771598816,0.866855800151825,1.4481549263000488,0.328125,10.020944595336914,-0.8414894342422485,-12.00501537322998,0.18338434398174286,-11.94776725769043,-32.24160385131836,3.5188162326812744,19000
7.883333683013916,0.15671497583389282,0.04916644096374512,-2.311065673828125,7.47265625,253.16795349121094,0.5072455406188965,0.1306014060974121,-13.824206352233887,0.9983654022216797,0.8817499279975891,1.3944202661514282,0.38671875,4.979173183441162,-0.7218471169471741,-13.064689636230469,0.05135199427604675,-11.589982986450195,-31.715198516845703,3.8235325813293457,19100
3.45509672164917,-0.19706837832927704,-0.0047016143798828125,-1.7663403749465942,3.953125,330.24737548828125,0.4289567470550537,0.3239789605140686,-14.989570617675781,1.0993202924728394,0.8791842460632324,1.6234548091888428,0.26953125,7.326147556304932,-1.058983564376831,-12.444252014160156,0.9838390350341797,-11.842695236206055,-32.14811706542969,4.905849456787109,19200
8.344188690185547,0.17702387273311615,-0.01031947135925293,-1.8805615901947021,3.9375,326.97552490234375,0.2109888195991516,0.18526077270507812,-14.94680118560791,1.1057034730911255,0.883147656917572,1.453894853591919,0.30859375,9.374333381652832,-0.7997360229492188,-13.34671688079834,0.2815297245979309,-10.629433631896973,-31.98588752746582,3.94816517829895,19300
8.26926040649414,0.18335190415382385,0.020290106534957886,-1.923254370689392,5.2421875,259.68701171875,-0.7679501175880432,-0.27847862243652344,-14.420345306396484,1.044040322303772,0.8766489028930664,1.3475313186645508,0.34375,15.066317558288574,-0.7058053612709045,-16.044445037841797,-0.03311450779438019,-10.260491371154785,-32.102874755859375,5.376486778259277,19400
13.608835220336914,0.30914849042892456,0.020114734768867493,-2.08652663230896,5.9609375,302.2869567871094,-0.3066127300262451,0.18158483505249023,-14.060063362121582,0.9819015860557556,0.8676883578300476,1.384503960609436,0.39453125,8.375118255615234,-0.5857011079788208,-8.35023307800293,0.516631007194519,-11.901288032531738,-32.34861373901367,3.1809170246124268,19500
11.38901138305664,-0.049969807267189026,-0.00785188376903534,-2.178040027618408,5.328125,294.3487854003906,-0.16810043156147003,-0.052298545837402344,-13.902912139892578,0.966517448425293,0.8729198575019836,1.7100961208343506,0.3046875,6.883374214172363,-0.8800765872001648,-9.877408981323242,0.5631163120269775,-13.878631591796875,-32.740135192871094,4.8572492599487305,19600
10.00115966796875,0.21810653805732727,-0.0016656368970870972,-2.130807399749756,4.8671875,288.0240478515625,-0.1992650181055069,-0.16261076927185059,-13.771005630493164,0.9678870439529419,0.8781163096427917,1.4656670093536377,0.28125,8.571995735168457,-0.8904502987861633,-10.761884689331055,0.2963971793651581,-12.155630111694336,-32.3986930847168,3.527972936630249,19700
9.755361557006836,0.22551077604293823,0.03823584318161011,-2.1558785438537598,4.27734375,299.027099609375,0.3533939719200134,0.43109130859375,-14.353464126586914,1.0342251062393188,0.8778697848320007,1.607955813407898,0.3515625,15.288660049438477,-0.9312739372253418,-9.887752532958984,0.2012195885181427,-12.473196029663086,-32.832271575927734,4.635799407958984,19800
10.173398971557617,0.14482876658439636,0.002326063811779022,-2.276135206222534,5.77734375,313.26898193359375,0.07787299156188965,0.4089932441711426,-14.061482429504395,1.0164676904678345,0.8807369470596313,1.3917347192764282,0.3359375,6.480510711669922,-0.7242192029953003,-6.150640487670898,0.45847800374031067,-11.808671951293945,-33.939334869384766,3.2427940368652344,19900
6.69780969619751,0.05720057338476181,-0.0008811354637145996,-2.094174385070801,4.94140625,284.3123779296875,-0.13834643363952637,-0.09225273132324219,-13.80517578125,0.9273371696472168,0.8663339614868164,1.2700262069702148,0.34765625,6.962988376617432,-0.7520644664764404,-10.873863220214844,0.3820151686668396,-10.318819046020508,-32.284278869628906,3.0788326263427734,20000
5.415368556976318,0.22202010452747345,0.0274573415517807,-1.655887484550476,2.8203125,414.3475036621094,0.5803716778755188,0.6376895904541016,-13.934223175048828,0.9723003506660461,0.8759752511978149,1.3008241653442383,0.34765625,4.635958671569824,-0.8514725565910339,-21.832664489746094,0.2989656329154968,-10.412955284118652,-32.609153747558594,3.634552240371704,20100
5.3326263427734375,0.027361124753952026,0.034402698278427124,-1.1545451879501343,1.734375,331.4613952636719,-0.5616523027420044,-0.2342967987060547,-14.269643783569336,0.9944743514060974,0.8708741068840027,1.4789392948150635,0.37109375,8.274145126342773,-0.7341582775115967,-8.56321907043457,0.04531209170818329,-12.742387771606445,-33.78272247314453,3.7497575283050537,20200
10.804607391357422,0.23177950084209442,0.01019410789012909,-2.275938034057617,7.1171875,287.7843017578125,0.16160848736763,0.25047144293785095,-13.952604293823242,0.9682841300964355,0.8775500655174255,1.427875280380249,0.328125,6.956623077392578,-0.7580938339233398,-7.326677322387695,0.7424800992012024,-11.990074157714844,-33.36067199707031,3.7248172760009766,20300
10.58687973022461,0.14893099665641785,0.004201728850603104,-1.7771580219268799,4.2578125,345.40728759765625,0.247665137052536,0.4229869842529297,-13.712664604187012,0.9485921859741211,0.8727689981460571,1.5593361854553223,0.3671875,6.108376502990723,-0.9360175132751465,-14.203023910522461,1.1636762619018555,-12.337078094482422,-35.20975875854492,4.511319160461426,20400
11.526949882507324,0.4319799542427063,0.0019809678196907043,-1.759211778640747,4.5546875,250.1590118408203,-0.083125039935112,0.008729487657546997,-14.860557556152344,1.042311668395996,0.8813942074775696,1.580491542816162,0.30078125,3.97652530670166,-1.1605682373046875,-19.901947021484375,0.45072463154792786,-9.880696296691895,-32.97590255737305,4.459247589111328,20500
7.7384185791015625,0.08245573937892914,0.02252298593521118,-2.0311150550842285,5.9140625,330.8634948730469,0.304945170879364,0.0,-13.71328353881836,0.9331569671630859,0.8702312707901001,1.4821224212646484,0.3203125,10.708860397338867,-0.86125648021698,-7.754047393798828,0.6148322224617004,-11.698742866516113,-33.979652404785156,3.6747629642486572,20600
9.082501411437988,0.3634822368621826,0.15476131439208984,-2.075040817260742,5.84375,340.2093200683594,0.1317405104637146,0.45105552673339844,-13.611648559570312,0.9337992072105408,0.8768229484558105,1.2985050678253174,0.37890625,7.173982620239258,-0.7104862332344055,-8.501312255859375,-0.03520665317773819,-13.034308433532715,-34.65731430053711,2.792159080505371,20700
4.469786643981934,-0.09554673731327057,-0.0030508041381835938,-1.941222906112671,4.7890625,360.322509765625,0.5305760502815247,0.4733448028564453,-13.63725471496582,0.9719735980033875,0.8858529925346375,1.4757180213928223,0.3046875,4.97989559173584,-1.0121948719024658,-14.233297348022461,0.2212807685136795,-11.882118225097656,-34.977195739746094,2.9996402263641357,20800
8.255938529968262,0.3941740095615387,0.07903528213500977,-2.2832460403442383,5.51171875,301.19549560546875,-0.28116363286972046,-0.28738903999328613,-13.279376983642578,0.9015693068504333,0.8871245384216309,1.424177646636963,0.26953125,11.731833457946777,-0.8925468921661377,-7.995349884033203,-0.31615498661994934,-11.607269287109375,-33.60148239135742,3.3910093307495117,20900
6.704929351806641,0.20957310497760773,0.06023627519607544,-1.567279577255249,2.72265625,288.6752624511719,-0.39268219470977783,-0.08001351356506348,-13.529988288879395,0.9645134806632996,0.8819584846496582,1.5536850690841675,0.30859375,12.227396011352539,-0.9113839268684387,-11.585394859313965,0.14212481677532196,-11.004653930664062,-33.92778396606445,4.4292826652526855,21000
9.206962585449219,0.21064934134483337,0.020945072174072266,-2.0828475952148438,5.1328125,307.52191162109375,0.4264979362487793,0.3131856918334961,-14.168007850646973,1.0474728345870972,0.8769798278808594,1.712522268295288,0.30859375,8.443483352661133,-0.9247450232505798,-15.256074905395508,-0.1274145543575287,-13.097049713134766,-34.842628479003906,4.633506774902344,21100
8.870677947998047,0.17749860882759094,-0.0009247064590454102,-1.9785491228103638,5.625,238.91351318359375,0.02687138319015503,0.004459202289581299,-15.38808822631836,1.0029537677764893,0.8671464920043945,1.433213233947754,0.27734375,11.690723419189453,-0.8830714225769043,-15.116680145263672,0.14383667707443237,-8.846399307250977,-34.460609436035156,4.420079708099365,21200
4.428835868835449,0.02723640948534012,0.0022640228271484375,-1.7116764783859253,5.31640625,232.94949340820312,0.098753422498703,-0.030782312154769897,-12.314916610717773,0.6693432331085205,0.8598669171333313,1.348120927810669,0.28515625,6.311627388000488,-0.8065038919448853,-15.851027488708496,-0.13679063320159912,-5.126463890075684,-33.33069610595703,2.557860851287842,21300
5.88294792175293,0.12317128479480743,0.010237336158752441,-1.3315815925598145,2.88671875,278.4228515625,0.35519278049468994,0.05342298746109009,-11.890190124511719,0.6276983618736267,0.7976367473602295,1.4720821380615234,0.28125,10.636329650878906,-0.7877469062805176,-23.490812301635742,0.5625603199005127,-5.623522758483887,-33.61932373046875,4.420586585998535,21400
4.852606296539307,0.14203310012817383,0.005318969488143921,-1.762995719909668,3.48046875,223.0660858154297,-0.1326812505722046,0.03447440266609192,-13.687311172485352,0.8361687064170837,0.7901546359062195,1.377392053604126,0.24609375,14.309198379516602,-0.7852071523666382,-9.54503345489502,0.3611486852169037,-5.436248779296875,-34.97754669189453,3.2977428436279297,21500
5.283369541168213,0.15222439169883728,0.004331648349761963,-1.6029443740844727,3.3203125,187.42623901367188,-0.8566462993621826,-0.10303527116775513,-12.583313941955566,0.733440101146698,0.7868809103965759,1.4404757022857666,0.296875,11.648106575012207,-0.7783926129341125,-11.601339340209961,0.1076386570930481,-5.45648193359375,-32.711891174316406,2.0678915977478027,21600
6.7249040603637695,0.26625412702560425,0.026725053787231445,-1.8301998376846313,4.75,273.7698974609375,0.4115447998046875,0.14855802059173584,-12.54616641998291,0.7281972765922546,0.7641665935516357,1.2982640266418457,0.3046875,6.063056945800781,-0.7335456609725952,-8.669151306152344,0.1287858933210373,-6.043004989624023,-32.64047622680664,2.2233030796051025,21700
6.414480209350586,0.23312000930309296,0.008835554122924805,-1.5357798337936401,2.96484375,329.7821960449219,0.6307410001754761,0.06561887264251709,-12.650924682617188,0.7485712170600891,0.7724778056144714,1.4696911573410034,0.296875,10.73537826538086,-0.8473122119903564,-19.398439407348633,0.025448856875300407,-6.833635330200195,-33.873680114746094,3.756845474243164,21800
4.487400531768799,0.1056734248995781,0.01359608769416809,-1.7445757389068604,4.5234375,249.26962280273438,-0.0937504917383194,0.06792062520980835,-13.14797592163086,0.826971709728241,0.7852739691734314,1.4290454387664795,0.265625,6.301880836486816,-0.9382656216621399,-12.657947540283203,0.17408259212970734,-8.000221252441406,-34.53455352783203,2.472357749938965,21900
6.195024490356445,0.1835663765668869,0.06099158525466919,-1.7129920721054077,4.7265625,297.2165222167969,-0.9376909732818604,-0.014783859252929688,-14.599016189575195,1.0532881021499634,0.8228369951248169,1.4249558448791504,0.3359375,4.241514682769775,-0.7138670086860657,-8.91265869140625,0.14675265550613403,-11.437662124633789,-34.90918731689453,2.6734187602996826,22000
10.324915885925293,0.27107271552085876,0.06766951084136963,-1.9907234907150269,5.48828125,314.7247009277344,-0.17259204387664795,-0.17805512249469757,-14.541747093200684,1.0464283227920532,0.8558530211448669,1.4923198223114014,0.30078125,8.941679000854492,-0.8127957582473755,-9.119441986083984,1.5919767618179321,-12.23974609375,-35.12431335449219,3.5689942836761475,22100
6.368945121765137,0.06248801201581955,0.008423343300819397,-1.9709572792053223,4.59765625,341.6809387207031,0.2405151128768921,0.0909881591796875,-14.199790954589844,0.9826798439025879,0.8783915638923645,1.3570972681045532,0.265625,5.681880950927734,-1.030904769897461,-11.099445343017578,0.041937410831451416,-10.96682357788086,-34.65877914428711,2.32845401763916,22200
4.874879360198975,-0.030433382838964462,0.015992939472198486,-1.9025318622589111,4.0234375,315.1982421875,0.2732089161872864,0.30624622106552124,-13.499500274658203,0.893505871295929,0.852643609046936,1.4283969402313232,0.2734375,6.538280963897705,-0.9734875559806824,-13.217313766479492,0.7173909544944763,-9.033803939819336,-34.165802001953125,3.3479881286621094,22300
7.999904632568359,-0.11040627956390381,-0.020640529692173004,-1.9661221504211426,5.3125,277.5885314941406,-0.1252160668373108,-0.04858589172363281,-13.318126678466797,0.8591052889823914,0.832577645778656,1.4207510948181152,0.3125,11.871750831604004,-0.8597625494003296,-17.260025024414062,0.5457901358604431,-9.222076416015625,-34.20010757446289,3.713503837585449,22400
9.085659980773926,0.18022827804088593,0.021442830562591553,-1.8530627489089966,4.26953125,287.9417419433594,0.2464383840560913,0.3214559555053711,-13.793288230895996,0.9730251431465149,0.8626407980918884,1.425155520439148,0.359375,8.763129234313965,-0.7591843008995056,-12.02221393585205,0.26635703444480896,-12.014399528503418,-35.917564392089844,3.484740734100342,22500
7.494379043579102,0.20631641149520874,0.016451939940452576,-1.640221357345581,4.09765625,314.1046142578125,-0.00743546336889267,0.023915410041809082,-13.602985382080078,0.8896781802177429,0.8726038336753845,1.3097319602966309,0.30078125,11.464118957519531,-0.7623529434204102,-6.674894332885742,0.23497343063354492,-9.024785995483398,-33.174564361572266,3.6911425590515137,22600
6.340709209442139,0.12823104858398438,0.0270521342754364,-1.991981029510498,5.2109375,261.90374755859375,-0.35730302333831787,-0.1333458423614502,-13.910211563110352,0.9399566650390625,0.8449980616569519,1.376908779144287,0.3203125,6.453357219696045,-0.8789306282997131,-9.697425842285156,-0.023888641968369484,-10.34049129486084,-36.97722244262695,2.9060497283935547,22700
7.612283706665039,0.07359691709280014,0.011018991470336914,-2.0852270126342773,5.17578125,280.76214599609375,-0.3469926714897156,-0.36232519149780273,-13.56216812133789,0.916547954082489,0.8561440706253052,1.4261586666107178,0.3046875,6.39222526550293,-0.9213793277740479,-7.719310760498047,0.6904666423797607,-11.971004486083984,-34.049842834472656,2.4736263751983643,22800
8.469003677368164,0.15701499581336975,0.0714961588382721,-2.13435959815979,6.22265625,400.49072265625,0.9115860462188721,1.0304327011108398,-14.440727233886719,1.0862963199615479,0.8631402850151062,1.461066722869873,0.31640625,11.006324768066406,-0.9418225288391113,-11.185909271240234,0.2407427728176117,-12.551998138427734,-35.731510162353516,3.9897103309631348,22900
8.526998519897461,0.18715894222259521,0.004869997501373291,-2.3837013244628906,5.171875,312.77978515625,0.17704182863235474,0.18196868896484375,-13.176834106445312,0.8753688931465149,0.8797492384910583,1.2357535362243652,0.2890625,5.06777811050415,-0.7642881870269775,-8.420028686523438,0.42415109276771545,-11.438619613647461,-35.5652961730957,2.074542999267578,23000
6.99579381942749,-0.13224279880523682,0.007118739187717438,-2.1497511863708496,5.26953125,336.5479736328125,0.2926695942878723,0.20562982559204102,-14.291770935058594,1.0068566799163818,0.8835992217063904,1.4400136470794678,0.32421875,5.586027145385742,-0.980324387550354,-10.73562240600586,0.24577748775482178,-12.494220733642578,-35.57624435424805,2.583498001098633,23100
5.429815292358398,0.2946775555610657,0.027427107095718384,-1.6063333749771118,3.1328125,358.00048828125,0.4148135781288147,0.20501887798309326,-13.772871971130371,0.8976966738700867,0.886861264705658,1.5995674133300781,0.2578125,22.663936614990234,-0.955984890460968,-12.451505661010742,-0.1823214888572693,-10.446795463562012,-35.52233123779297,6.929429054260254,23200
7.389464378356934,0.0016045980155467987,-0.016959547996520996,-2.0554494857788086,6.58203125,345.38909912109375,0.08025846630334854,-0.07935047149658203,-14.085683822631836,0.9926649928092957,0.8762624859809875,1.2525620460510254,0.3671875,4.865069389343262,-0.7041085958480835,-8.951045989990234,0.48656702041625977,-12.38509750366211,-36.12336730957031,2.3846569061279297,23300
10.743753433227539,0.10598347336053848,0.04163932800292969,-1.7613449096679688,4.2578125,355.54132080078125,-0.18444576859474182,0.10827350616455078,-15.038928985595703,1.11142098903656,0.8777992129325867,1.5786421298980713,0.3515625,9.144806861877441,-0.7531154155731201,-19.76685333251953,0.1798984408378601,-13.521585464477539,-36.078086853027344,5.016399383544922,23400
10.729625701904297,0.2896372377872467,0.07645365595817566,-2.0955142974853516,5.32421875,312.13458251953125,0.1416993886232376,-0.26042747497558594,-13.36314582824707,0.9271612167358398,0.8837408423423767,1.5644850730895996,0.328125,5.617949485778809,-1.1000968217849731,-17.250144958496094,0.5070448517799377,-13.432392120361328,-36.51687240600586,3.667449951171875,23500
12.113994598388672,0.2991328835487366,0.05551433563232422,-2.3632426261901855,7.37890625,321.46405029296875,0.3432493209838867,-0.1695852279663086,-14.199427604675293,1.0351909399032593,0.8795143365859985,1.4872210025787354,0.35546875,8.872091293334961,-0.598497211933136,-11.306421279907227,0.44792866706848145,-14.582115173339844,-36.91015625,3.6483101844787598,23600
11.916437149047852,0.24214154481887817,0.017213106155395508,-2.134359836578369,5.15625,287.56689453125,0.03789897263050079,0.0266571044921875,-13.70220947265625,0.9364690184593201,0.8896017074584961,1.630528211593628,0.3515625,8.935077667236328,-0.6387258768081665,-8.434013366699219,1.0067611932754517,-12.678121566772461,-35.749393463134766,4.8311848640441895,23700
8.355209350585938,0.07324224710464478,0.019293099641799927,-2.0748958587646484,6.6484375,264.749267578125,-0.6717671155929565,-0.20659255981445312,-13.83212661743164,0.9731916785240173,0.8799144625663757,1.5609688758850098,0.38671875,9.338799476623535,-0.7761977910995483,-17.94318199157715,0.3941969871520996,-12.122812271118164,-36.89120101928711,5.096710681915283,23800
11.680037498474121,-0.18432921171188354,0.003952726721763611,-1.870732069015503,4.0078125,292.2781982421875,-0.19588789343833923,-0.001499176025390625,-14.37424087524414,1.0375241041183472,0.893537163734436,1.688439130783081,0.33984375,6.226134777069092,-0.9834951162338257,-14.984119415283203,0.37730011343955994,-13.86187744140625,-35.82246398925781,5.247145175933838,23900
11.05723762512207,0.19134169816970825,0.0446317195892334,-1.6787652969360352,4.4140625,382.00103759765625,0.6124624609947205,0.2558422088623047,-14.660873413085938,1.029221773147583,0.8904393315315247,1.4807944297790527,0.35546875,13.227574348449707,-0.7999818325042725,-9.934228897094727,0.1380634307861328,-15.37807559967041,-36.862403869628906,4.0687055587768555,24000
12.896419525146484,0.3226289749145508,0.055939435958862305,-2.2642323970794678,5.96875,279.96484375,-0.4410647749900818,-0.27835607528686523,-13.737812995910645,0.946519672870636,0.8918005228042603,1.4375194311141968,0.375,6.081856727600098,-0.6868391633033752,-12.865640640258789,0.39583876729011536,-11.874475479125977,-37.27543258666992,3.9143009185791016,24100
13.981889724731445,0.33066368103027344,0.029232323169708252,-2.0466911792755127,4.77734375,307.9337158203125,-0.29189521074295044,-0.2141580581665039,-13.459871292114258,0.9202468991279602,0.8916000723838806,1.6119033098220825,0.33203125,9.740253448486328,-0.8756839632987976,-14.110769271850586,0.2513529360294342,-14.241119384765625,-37.088077545166016,4.413588523864746,24200
10.443977355957031,0.07327774167060852,0.02036869525909424,-2.1126675605773926,4.70703125,331.0166931152344,0.8770465850830078,0.12385834008455276,-13.551779747009277,0.9399133920669556,0.8928748965263367,1.5026016235351562,0.34765625,10.382555961608887,-0.8858640789985657,-11.422283172607422,0.4654964208602905,-12.068229675292969,-38.33821105957031,5.242863655090332,24300
6.991939544677734,-0.11844096332788467,-0.011546134948730469,-2.030658721923828,4.71875,340.76690673828125,0.3932034373283386,0.19421672821044922,-13.601717948913574,0.9573950171470642,0.8867937326431274,1.5789916515350342,0.30078125,5.820173263549805,-0.9418232440948486,-8.711833953857422,0.40230387449264526,-13.74338150024414,-37.94578170776367,3.508793354034424,24400
11.31296443939209,0.23083628714084625,0.11120009422302246,-2.005955219268799,4.58984375,378.0463562011719,0.3533284366130829,0.14966583251953125,-13.78752326965332,1.0065268278121948,0.8898743987083435,1.651106357574463,0.41796875,9.545490264892578,-0.4996225833892822,-9.95224380493164,0.6506233811378479,-15.342655181884766,-37.79381561279297,4.769106864929199,24500
5.3265299797058105,-0.06767495721578598,0.008894354104995728,-2.1112194061279297,6.1796875,335.40325927734375,0.17572948336601257,0.02395486831665039,-13.627970695495605,0.9469261169433594,0.8893077969551086,1.4402016401290894,0.3125,8.842790603637695,-0.8960949182510376,-15.093549728393555,0.7138693332672119,-12.940918922424316,-36.7940788269043,4.08009147644043,24600
10.981321334838867,0.3603441119194031,0.036081790924072266,-2.1696903705596924,5.4609375,235.07505798339844,-0.40083345770835876,-0.11103343963623047,-13.277002334594727,0.8700662851333618,0.867030143737793,1.4525530338287354,0.3359375,13.274384498596191,-0.6166567802429199,-7.546794891357422,0.7442387342453003,-11.390457153320312,-36.671058654785156,3.6596322059631348,24700
10.212944984436035,0.24996037781238556,0.10175323486328125,-2.270383834838867,6.45703125,298.06097412109375,-0.47137120366096497,-0.2500772476196289,-13.673994064331055,0.9325149655342102,0.863007664680481,1.3879189491271973,0.38671875,5.550721645355225,-0.5608386993408203,-7.081470489501953,0.3885264992713928,-14.151227951049805,-38.61754608154297,3.971266031265259,24800
11.692410469055176,0.31743526458740234,0.018690943717956543,-2.1846001148223877,6.01171875,306.2173156738281,0.11966758966445923,0.4160640239715576,-14.233804702758789,1.025870680809021,0.8795009851455688,1.3498904705047607,0.36328125,8.691914558410645,-0.6261070966720581,-12.612998008728027,0.48386895656585693,-11.36857795715332,-37.958683013916016,4.185649394989014,24900
15.936382293701172,0.47468557953834534,0.07488822191953659,-2.423100471496582,6.04296875,354.2961120605469,0.04175521433353424,-0.00276947021484375,-14.493650436401367,1.0158828496932983,0.886914074420929,1.495326042175293,0.37109375,16.263225555419922,-0.6330807209014893,-6.970451354980469,0.48728442192077637,-14.144201278686523,-39.31068420410156,5.795182228088379,25000
5.825911521911621,0.08229288458824158,0.0008796080946922302,-1.9508812427520752,4.0859375,306.15765380859375,-0.2855754494667053,-0.015607833862304688,-14.258368492126465,0.9974027872085571,0.8926917910575867,1.4278981685638428,0.32421875,11.140792846679688,-0.8151289820671082,-8.850242614746094,-0.014246221631765366,-11.854652404785156,-37.87607192993164,3.64823317527771,25100
4.754767417907715,0.13931900262832642,0.009119808673858643,-0.8804422616958618,1.0703125,334.48065185546875,-0.32319509983062744,-0.13991768658161163,-13.313740730285645,0.8899587988853455,0.8842426538467407,1.470494031906128,0.3046875,6.792942047119141,-1.0496244430541992,-7.480022430419922,0.5004165768623352,-16.372745513916016,-38.33140182495117,2.2327330112457275,25200
8.52457332611084,0.1581915020942688,0.029721945524215698,-1.7129292488098145,4.14453125,369.4345703125,-0.1037527322769165,-0.03399467468261719,-14.427278518676758,1.0201313495635986,0.8744093775749207,1.27166748046875,0.32421875,12.717938423156738,-0.8165274262428284,-14.172598838806152,0.484100341796875,-13.756726264953613,-38.27035140991211,3.313652992248535,25300
8.891048431396484,0.30212947726249695,0.025676220655441284,-1.254894733428955,2.2890625,299.5755615234375,0.24950110912322998,0.003054410219192505,-13.956216812133789,0.9484583139419556,0.8808860778808594,1.6380786895751953,0.3671875,16.521503448486328,-0.7963186502456665,-16.75020408630371,0.36202648282051086,-13.411108016967773,-38.59817123413086,7.115362167358398,25400
10.811813354492188,0.034854527562856674,-0.0012981593608856201,-2.18379545211792,5.234375,405.8796691894531,0.8750794529914856,0.7110671997070312,-14.68952751159668,1.061841368675232,0.875161349773407,1.646755337715149,0.34375,17.85051727294922,-0.721625566482544,-9.927587509155273,-0.05600728094577789,-14.75141716003418,-39.99287033081055,6.146092414855957,25500
8.548650741577148,0.2999275326728821,0.0184476375579834,-2.1308298110961914,5.109375,316.28289794921875,-0.4424261748790741,-0.02001047134399414,-13.579780578613281,0.9350367784500122,0.8837342262268066,1.361987829208374,0.359375,5.460819244384766,-0.5858527421951294,-6.858110427856445,0.24573084712028503,-13.101375579833984,-37.75054168701172,3.2871947288513184,25600
6.462489128112793,-0.06950999796390533,0.023272059857845306,-1.634460210800171,3.58984375,443.5735778808594,0.5944663286209106,0.6119346618652344,-13.83237361907959,0.9648404121398926,0.8981919288635254,1.4047577381134033,0.3671875,15.304420471191406,-0.6773495674133301,-9.232599258422852,0.5291591286659241,-14.709373474121094,-37.1743278503418,5.303510665893555,25700
11.16749382019043,0.15169955790042877,0.03267425298690796,-1.85746431350708,5.16015625,334.3778381347656,0.23093295097351074,-0.024358749389648438,-14.129724502563477,0.9640598297119141,0.8907789587974548,1.6376216411590576,0.296875,13.135002136230469,-1.0516413450241089,-30.59264373779297,0.2259485274553299,-11.00788688659668,-36.80374526977539,7.157103538513184,25800
6.493595600128174,0.10074450075626373,0.03925514221191406,-1.7118016481399536,2.671875,282.5855712890625,-0.044306784868240356,0.043444156646728516,-13.723031997680664,0.907528817653656,0.8751512765884399,1.4666328430175781,0.2890625,8.02256965637207,-1.0203502178192139,-13.205904006958008,0.3278360366821289,-13.081201553344727,-39.178733825683594,3.0140814781188965,25900
8.73470687866211,0.06809022277593613,0.017639636993408203,-2.0889954566955566,5.10546875,305.58978271484375,-0.33919546008110046,-0.021217510104179382,-13.60975456237793,0.9115873575210571,0.8789260983467102,1.4295761585235596,0.34375,14.018050193786621,-0.767098605632782,-8.11613655090332,0.03069576993584633,-13.13914680480957,-38.78805160522461,3.6731252670288086,26000
12.930204391479492,-0.0744447410106659,0.06273689866065979,-1.7957160472869873,3.58984375,354.7153015136719,0.12873360514640808,-0.059932708740234375,-14.17715835571289,0.9934549331665039,0.8745671510696411,1.5829558372497559,0.34375,8.275402069091797,-1.0302051305770874,-14.606215476989746,0.5127362608909607,-12.903888702392578,-38.38621139526367,5.166066646575928,26100
8.385398864746094,0.18420934677124023,0.060091376304626465,-1.961702823638916,4.43359375,324.0346984863281,0.028125882148742676,0.48117637634277344,-13.80386734008789,0.9693724513053894,0.8789440393447876,1.383587121963501,0.31640625,4.842601776123047,-0.9212805032730103,-12.406545639038086,0.43880340456962585,-13.038590431213379,-38.9544563293457,3.478628158569336,26200
8.300758361816406,0.30163511633872986,0.09808158874511719,-1.5024091005325317,4.23046875,356.2224426269531,0.09656365215778351,0.036346979439258575,-14.25733757019043,1.0252665281295776,0.8790489435195923,1.7065011262893677,0.3046875,11.523895263671875,-1.1584199666976929,-15.446603775024414,0.5840622186660767,-15.093774795532227,-41.20916748046875,4.391861915588379,26300
5.220870018005371,0.03797440975904465,0.037881039083004,-1.3017410039901733,2.046875,355.87310791015625,0.14266151189804077,0.04881460964679718,-13.611655235290527,0.9471189379692078,0.8782011270523071,1.2506319284439087,0.3671875,7.978437900543213,-0.7033724188804626,-8.428277969360352,0.9221903681755066,-14.41297721862793,-41.363800048828125,2.476686477661133,26400
9.226365089416504,0.19487769901752472,0.0394742488861084,-1.7045352458953857,3.859375,285.5624694824219,-0.0475090891122818,-0.10473060607910156,-13.495462417602539,0.9194157719612122,0.8699318170547485,1.3013789653778076,0.3359375,3.303211212158203,-0.8271994590759277,-7.941983699798584,0.25107812881469727,-12.6492919921875,-36.68364334106445,2.4909005165100098,26500
9.790742874145508,0.16016431152820587,0.015260696411132812,-2.0359339714050293,4.828125,346.5383605957031,0.2069835364818573,0.0812540054321289,-13.303722381591797,0.8841720819473267,0.8711504340171814,1.597156286239624,0.3203125,4.917059898376465,-1.0047845840454102,-14.776105880737305,0.8473852872848511,-13.917651176452637,-40.63451385498047,3.6651816368103027,26600
9.311881065368652,0.21737490594387054,0.09243321418762207,-2.111424207687378,5.46484375,336.25384521484375,-0.07837554812431335,0.0022144317626953125,-13.546090126037598,0.9360858798027039,0.8731142282485962,1.4313654899597168,0.41015625,3.1473140716552734,-0.7825292348861694,-9.79567813873291,0.4751001000404358,-13.649179458618164,-40.402828216552734,2.9066953659057617,26700
9.018936157226562,0.34016019105911255,0.03582902252674103,-2.0294361114501953,4.22265625,333.1533203125,-0.04164548218250275,-0.07079915702342987,-13.396878242492676,0.896622359752655,0.8666006326675415,1.6096826791763306,0.29296875,6.260673522949219,-1.0702272653579712,-9.851552963256836,0.2657186985015869,-14.005725860595703,-40.502410888671875,3.401284694671631,26800
7.71645975112915,-0.02656850963830948,0.004318356513977051,-2.114821195602417,5.3671875,252.54550170898438,-0.9729394316673279,-0.24396705627441406,-13.227960586547852,0.8187789916992188,0.8661752939224243,1.4176493883132935,0.296875,5.0369415283203125,-0.9202978610992432,-8.468240737915039,0.2686005234718323,-13.814872741699219,-40.75405502319336,3.0161242485046387,26900
9.46308422088623,0.17158980667591095,0.026853933930397034,-2.057210922241211,5.8203125,272.641357421875,-0.5908249020576477,-0.2686777114868164,-13.772838592529297,1.004468321800232,0.8812580108642578,1.4926291704177856,0.34765625,7.01386833190918,-0.7159265279769897,-11.65167236328125,0.5929226875305176,-13.488234519958496,-42.07059860229492,3.6315407752990723,27000
11.567930221557617,0.19001397490501404,0.01333475112915039,-2.0682084560394287,4.91015625,345.9034423828125,0.5281174182891846,-0.06554460525512695,-13.351297378540039,0.8950401544570923,0.8844081163406372,1.510538101196289,0.3671875,10.642868041992188,-0.6692836880683899,-18.30487632751465,0.47723108530044556,-14.527303695678711,-40.381874084472656,7.264552593231201,27100
13.953829765319824,0.2697514295578003,0.027384012937545776,-2.0316364765167236,4.953125,397.3892822265625,0.7915283441543579,0.21357154846191406,-13.711187362670898,0.9495486617088318,0.8812994360923767,1.643854022026062,0.3515625,11.09314250946045,-0.9295905828475952,-17.223718643188477,0.8633434176445007,-16.529220581054688,-41.163360595703125,5.632298946380615,27200
9.969260215759277,0.35585808753967285,0.08051824569702148,-2.2576351165771484,6.1015625,403.4771728515625,0.4211350083351135,0.10645580291748047,-13.105846405029297,0.8781752586364746,0.8750551342964172,1.4400653839111328,0.37890625,7.491654396057129,-0.6077378392219543,-6.7632246017456055,0.27977195382118225,-16.820554733276367,-42.12040328979492,3.420064687728882,27300
10.045483589172363,0.08839201927185059,0.03253579139709473,-2.4585580825805664,5.58984375,280.938232421875,-0.3431902527809143,-0.29294300079345703,-12.977851867675781,0.8653721213340759,0.8837248086929321,1.5377763509750366,0.3984375,7.004509925842285,-0.7730840444564819,-16.619129180908203,-0.13796091079711914,-14.722525596618652,-40.92612838745117,4.800751686096191,27400
11.764440536499023,0.21224741637706757,0.01105758547782898,-2.1105904579162598,5.83984375,341.733154296875,0.664433479309082,0.15570545196533203,-14.156124114990234,0.9728019833564758,0.8929294943809509,1.5801993608474731,0.328125,15.39250659942627,-0.8944506645202637,-16.53213119506836,0.1900201439857483,-14.770228385925293,-39.7504768371582,5.006683349609375,27500
6.893424987792969,0.19247376918792725,0.025104284286499023,-2.290830612182617,5.09765625,280.4100341796875,0.1725517064332962,0.17110157012939453,-13.450818061828613,0.9047008752822876,0.8749445080757141,1.3299453258514404,0.3671875,3.9180068969726562,-0.7692725658416748,-6.6983747482299805,0.012221470475196838,-13.65013599395752,-40.42036056518555,2.16262149810791,27600
10.177497863769531,0.17218878865242004,0.0785045325756073,-1.7248300313949585,3.76953125,345.52569580078125,0.5270887017250061,-0.30431652069091797,-13.806245803833008,0.9865116477012634,0.8774645924568176,1.6566537618637085,0.3515625,8.464097023010254,-0.9193043112754822,-14.246143341064453,1.0581846237182617,-14.959428787231445,-37.99395751953125,5.576172828674316,27700
12.959230422973633,0.6460965871810913,0.06214305758476257,-2.0037169456481934,5.61328125,299.1578063964844,-0.8316993713378906,-0.385775625705719,-13.878157615661621,0.9100530743598938,0.8661110997200012,1.7624475955963135,0.3515625,20.197490692138672,-0.7532285451889038,-29.22882080078125,2.411651134490967,-14.366530418395996,-41.134429931640625,12.318753242492676,27800
6.920627593994141,-0.10641911625862122,-0.0031283795833587646,-2.086113452911377,5.01953125,321.8406066894531,0.226967915892601,0.04539299011230469,-13.447003364562988,0.8820322155952454,0.8661603927612305,1.5432196855545044,0.328125,6.8111371994018555,-0.7813502550125122,-8.165672302246094,0.6828881502151489,-14.28403091430664,-41.57080078125,3.669854164123535,27900
12.090400695800781,0.17353834211826324,0.0635557770729065,-2.009408950805664,5.0546875,302.1557922363281,-0.36813461780548096,-0.06845122575759888,-13.516502380371094,0.8886481523513794,0.8841513991355896,1.4971668720245361,0.32421875,6.549165725708008,-0.8680616021156311,-7.021970748901367,0.6358247995376587,-14.390365600585938,-41.45723342895508,3.2925167083740234,28000
7.33989953994751,0.19338840246200562,0.02262735366821289,-2.0974793434143066,4.55078125,345.1457214355469,0.14977791905403137,0.2093505859375,-13.216705322265625,0.9196366667747498,0.8690788149833679,1.5247504711151123,0.38671875,4.379915237426758,-0.8546246290206909,-12.044526100158691,0.49881798028945923,-13.046797752380371,-40.37250900268555,3.602381467819214,28100
9.001434326171875,0.113485187292099,0.007666781544685364,-1.9810370206832886,5.4921875,297.6877746582031,-0.3599469065666199,-0.13280963897705078,-13.966512680053711,0.9656242728233337,0.8750066757202148,1.5016436576843262,0.328125,7.5089287757873535,-0.9867601990699768,-13.917236328125,1.7026848793029785,-12.842288970947266,-40.274436950683594,3.766064167022705,28200
12.255367279052734,0.3952527344226837,0.09000647068023682,-2.359410047531128,5.359375,303.82293701171875,0.02561745047569275,0.032093048095703125,-12.899174690246582,0.8825001120567322,0.8722653388977051,1.5328048467636108,0.39453125,13.146419525146484,-0.37778475880622864,-8.879002571105957,0.5541930794715881,-16.230815887451172,-42.72096633911133,5.6029953956604,28300
7.67597770690918,-0.26464563608169556,-0.02328658103942871,-2.0039548873901367,4.6796875,309.96405029296875,0.08875207602977753,-0.03136444091796875,-14.102901458740234,0.9730232357978821,0.8695576786994934,1.470465898513794,0.3671875,6.027184009552002,-0.8150407671928406,-16.25887107849121,0.5322985053062439,-13.429656982421875,-40.724674224853516,3.932651996612549,28400
9.834495544433594,0.2726105749607086,0.009437590837478638,-2.328232526779175,5.6171875,321.385498046875,0.34925055503845215,0.13714182376861572,-13.484111785888672,0.8645383715629578,0.887736439704895,1.5267319679260254,0.2890625,7.214641094207764,-0.9322939515113831,-10.52657413482666,-0.01334746927022934,-11.57021427154541,-37.96297073364258,4.069492340087891,28500
6.467822074890137,-0.13842473924160004,-0.0034193992614746094,-2.1660873889923096,4.23046875,307.2440185546875,0.2603195905685425,0.36794328689575195,-12.9977388381958,0.857589066028595,0.8647558093070984,1.4004724025726318,0.3125,7.8920135498046875,-0.7883076667785645,-9.093124389648438,0.5133796334266663,-13.218822479248047,-41.23836898803711,3.042545795440674,28600
10.148615837097168,0.241817444562912,0.02262401580810547,-2.233518362045288,5.04296875,310.8727722167969,-0.08772628009319305,0.16905593872070312,-13.733783721923828,0.9808943867683411,0.8655940890312195,1.5040981769561768,0.33984375,4.237619400024414,-0.800011396408081,-10.719627380371094,0.018644873052835464,-14.776884078979492,-41.10350799560547,3.581547737121582,28700
10.614198684692383,0.16175830364227295,-0.015320263803005219,-2.4655470848083496,5.99609375,354.43438720703125,0.25868409872055054,0.1271219253540039,-13.923845291137695,0.9436702728271484,0.8714591860771179,1.5369577407836914,0.3125,5.503053665161133,-0.8542014360427856,-9.348419189453125,-0.02280518040060997,-13.244897842407227,-43.93268966674805,4.6931047439575195,28800
6.604727268218994,0.13901425898075104,0.029062271118164062,-2.0366244316101074,5.32421875,329.0814514160156,0.04057419300079346,0.3334331512451172,-12.95482063293457,0.8335782885551453,0.8790715336799622,1.5078723430633545,0.38671875,12.599662780761719,-0.8710945248603821,-9.973082542419434,0.35449278354644775,-13.367314338684082,-40.901432037353516,4.327493667602539,28900
6.066257476806641,0.21525906026363373,0.011883273720741272,-1.7875826358795166,3.9453125,319.7022705078125,-0.2865127921104431,0.1203451156616211,-13.633441925048828,0.8735801577568054,0.8676907420158386,1.4390262365341187,0.2734375,8.440431594848633,-1.0633370876312256,-23.18379783630371,0.5482298731803894,-14.432294845581055,-40.1440544128418,4.318747520446777,29000
7.969003677368164,0.5492067337036133,0.09594058990478516,-2.03232479095459,5.2734375,317.52069091796875,-0.5904139280319214,-0.24166202545166016,-14.58102798461914,1.0923075675964355,0.8751024603843689,1.7614299058914185,0.3359375,18.158729553222656,-1.0096921920776367,-17.58474349975586,0.5011387467384338,-15.963764190673828,-43.28600311279297,6.067048072814941,29100
5.116628646850586,0.12404218316078186,0.033490464091300964,-1.994188666343689,5.0703125,410.41473388671875,0.6544042825698853,0.43736839294433594,-13.193965911865234,0.849571704864502,0.8731812834739685,1.2497116327285767,0.328125,5.6692914962768555,-0.847446084022522,-8.737649917602539,0.04170554131269455,-13.747178077697754,-41.16217041015625,2.2447757720947266,29200
9.512807846069336,-0.053232088685035706,0.002482730895280838,-2.168076515197754,5.28125,290.81640625,-0.418577641248703,-0.12855350971221924,-13.230986595153809,0.843610405921936,0.8817598223686218,1.6392016410827637,0.34375,6.743042945861816,-0.9863132238388062,-21.655712127685547,0.23221151530742645,-13.754659652709961,-43.33205795288086,4.708173751831055,29300
5.237642288208008,0.2181580811738968,0.029936417937278748,-2.2328453063964844,4.90234375,335.6888122558594,0.3324069380760193,0.08846044540405273,-12.672700881958008,0.766132116317749,0.8596784472465515,1.237441062927246,0.32421875,5.163939476013184,-0.846228837966919,-11.264399528503418,-0.010786432772874832,-12.081549644470215,-42.72120666503906,2.1638543605804443,29400
8.573235511779785,0.1945139616727829,0.028188884258270264,-2.2539098262786865,5.296875,287.44805908203125,-0.3744414448738098,-0.3525552749633789,-12.913496017456055,0.8457717895507812,0.8495976328849792,1.4567073583602905,0.30859375,6.939159393310547,-0.9147053956985474,-13.199655532836914,0.4501902163028717,-15.367618560791016,-40.49085235595703,3.173518419265747,29500
11.53360366821289,0.2949165403842926,0.010073661804199219,-2.2470579147338867,6.8203125,283.17822265625,-0.24296963214874268,-0.1498432159423828,-12.650498390197754,0.8025774359703064,0.8528606295585632,1.458512783050537,0.34765625,11.043008804321289,-0.7156839966773987,-8.185676574707031,0.1829458773136139,-15.097699165344238,-42.55717086791992,3.951432704925537,29600
9.478987693786621,-0.12528346478939056,0.000453948974609375,-2.077324628829956,4.05078125,344.1177978515625,0.1293424665927887,0.08255195617675781,-13.008718490600586,0.8774306178092957,0.8492334485054016,1.896120548248291,0.35546875,9.390668869018555,-0.4744099974632263,-10.444295883178711,0.616244375705719,-16.57575225830078,-43.2408447265625,4.194645881652832,29700
11.377365112304688,0.29575955867767334,0.06810235977172852,-1.9174931049346924,3.92578125,392.0577697753906,0.32154589891433716,0.7415924072265625,-12.923592567443848,0.8524471521377563,0.8645393252372742,1.6325763463974,0.36328125,12.6626558303833,-0.6977976560592651,-8.544347763061523,0.26613396406173706,-15.55799674987793,-42.141910552978516,5.088846206665039,29800
11.187317848205566,0.2575047016143799,0.04039561748504639,-2.2196459770202637,5.01171875,323.82940673828125,0.5818794965744019,0.11816215515136719,-13.428786277770996,0.9123438000679016,0.8655394911766052,1.3558099269866943,0.359375,11.307811737060547,-0.7183495163917542,-8.390871047973633,0.3909476101398468,-13.076705932617188,-43.2478141784668,3.7635631561279297,29900
4.110783576965332,0.32639211416244507,0.0986303985118866,-1.2738288640975952,2.09375,400.85308837890625,0.9059528112411499,0.294464111328125,-13.125432968139648,0.8495810627937317,0.8485598564147949,1.572754144668579,0.32421875,9.740521430969238,-1.0156562328338623,-16.442646026611328,0.5839811563491821,-16.82946014404297,-43.21042251586914,4.256711006164551,30000
15.261534690856934,0.49369457364082336,0.11132287979125977,-2.3971683979034424,6.08984375,310.96453857421875,-0.2592587471008301,0.305814266204834,-14.173517227172852,1.0033687353134155,0.8705314993858337,1.5572093725204468,0.359375,24.76242446899414,-0.6427350044250488,-9.42549991607666,0.6705788969993591,-14.992775917053223,-41.930572509765625,7.470970630645752,30100
6.507223129272461,-0.09952327609062195,0.004068642854690552,-1.4663283824920654,3.16796875,348.64093017578125,-0.31682637333869934,0.0,-13.67307186126709,0.9346646666526794,0.8651203513145447,1.364532470703125,0.3359375,4.762091159820557,-0.9779508113861084,-7.884799957275391,-0.18992596864700317,-14.684903144836426,-42.4644889831543,2.8702921867370605,30200
9.095447540283203,0.25996947288513184,0.09854672849178314,-1.593332290649414,3.3046875,309.67523193359375,0.006991684436798096,-0.22186279296875,-13.23124885559082,0.8891952633857727,0.8710868954658508,1.5461219549179077,0.375,6.3052287101745605,-0.8645332455635071,-9.966951370239258,0.28075870871543884,-13.995673179626465,-42.608760833740234,4.5234198570251465,30300
4.636097431182861,0.02092156559228897,-0.004291921854019165,-1.9867138862609863,4.8828125,320.4626159667969,-0.23695455491542816,0.0450645387172699,-13.257549285888672,0.8801417350769043,0.884085476398468,1.4040875434875488,0.34765625,9.91856861114502,-0.8941663503646851,-14.230829238891602,-0.12232193350791931,-13.543069839477539,-42.635955810546875,3.608546018600464,30400
4.939157962799072,0.14306095242500305,7.032603025436401e-05,-2.0188496112823486,5.6484375,318.132080078125,0.36184942722320557,0.10020112991333008,-12.729804039001465,0.7527107000350952,0.8683129549026489,1.4028764963150024,0.30078125,11.70822525024414,-0.9195079803466797,-18.06709098815918,0.008382320404052734,-10.814465522766113,-42.834716796875,4.25456428527832,30500
7.137948036193848,-0.020784422755241394,-0.002973794937133789,-2.1674304008483887,4.921875,318.247314453125,-0.0815228819847107,0.3579416275024414,-12.81096076965332,0.8064785003662109,0.8483263850212097,1.5035876035690308,0.33203125,5.1676483154296875,-0.8257156610488892,-8.273582458496094,0.37832289934158325,-14.708295822143555,-44.09647750854492,3.8172237873077393,30600
8.98450756072998,0.429276704788208,0.0360257625579834,-2.0953879356384277,5.35546875,382.628173828125,0.3642546236515045,0.023023605346679688,-13.797345161437988,0.9522764086723328,0.8597633242607117,1.5466257333755493,0.33984375,4.605997085571289,-0.9446233510971069,-14.517208099365234,1.3965173959732056,-15.38305377960205,-43.93544006347656,3.4913549423217773,30700
7.178513050079346,0.18530505895614624,0.05393266677856445,-2.064398765563965,4.8515625,294.31268310546875,-0.1463974267244339,-0.032248497009277344,-12.947041511535645,0.8434742093086243,0.8664404153823853,1.336533784866333,0.3125,7.06365966796875,-0.791724443435669,-7.429634094238281,0.8159381747245789,-12.45391845703125,-41.84147262573242,3.141476631164551,30800
4.775514602661133,0.14519158005714417,0.04422950744628906,-1.0624926090240479,1.984375,379.8215026855469,-0.6111682057380676,0.1568223237991333,-13.412391662597656,0.8767181634902954,0.8606988787651062,1.6082651615142822,0.30078125,4.492571830749512,-1.1733994483947754,-11.531265258789062,0.17673933506011963,-16.49154281616211,-42.912498474121094,3.274557113647461,30900
7.494266510009766,0.053343839943408966,0.027668233960866928,-2.2405757904052734,6.25390625,291.22943115234375,-0.1991361379623413,0.0430440753698349,-13.284086227416992,0.879217803478241,0.8749553561210632,1.4512168169021606,0.421875,16.5788516998291,-0.6139230728149414,-13.741861343383789,0.11033520102500916,-13.597579956054688,-41.16019058227539,5.628086090087891,31000
9.069308280944824,-0.09461164474487305,0.01933002471923828,-2.245347023010254,5.79296875,325.137451171875,0.38945823907852173,0.1702251434326172,-13.612433433532715,0.9020547866821289,0.8816973567008972,1.6006253957748413,0.37109375,20.570083618164062,-0.8827216625213623,-11.366289138793945,0.09926527738571167,-14.38865852355957,-43.20610046386719,6.154230117797852,31100
11.849781036376953,0.41498392820358276,0.04706241190433502,-1.9602352380752563,3.921875,352.57257080078125,0.5274959206581116,0.0744156464934349,-13.391173362731934,0.8680574297904968,0.8670346140861511,1.497879981994629,0.359375,6.914865493774414,-0.7542432546615601,-12.345848083496094,0.08707904070615768,-15.195873260498047,-42.813621520996094,4.750742435455322,31200
7.509274482727051,0.11598065495491028,0.0934152603149414,-2.1760473251342773,5.23828125,327.2367248535156,-0.43192076683044434,0.37436389923095703,-13.858972549438477,0.9198881983757019,0.850660502910614,1.5547212362289429,0.37109375,9.195791244506836,-0.8427658081054688,-17.401103973388672,0.5441887974739075,-13.728567123413086,-44.52666473388672,4.660412788391113,31300
8.999784469604492,0.2542978823184967,0.02541491389274597,-1.7501842975616455,4.44140625,329.70599365234375,0.6927850246429443,0.1007852554321289,-13.27223014831543,0.8833028674125671,0.8575264811515808,1.426452875137329,0.34375,11.43267822265625,-0.6854591369628906,-10.01456069946289,1.6706756353378296,-15.15219783782959,-43.34729766845703,4.258330821990967,31400
8.672529220581055,0.32924988865852356,0.035597242414951324,-2.087815284729004,4.453125,366.10418701171875,0.26253604888916016,0.0893382877111435,-13.783615112304688,0.9380039572715759,0.8638815879821777,1.4194018840789795,0.296875,6.502506256103516,-0.8520953059196472,-11.3463716506958,0.03965826332569122,-14.41953182220459,-43.59626770019531,3.165741443634033,31500
10.409872055053711,0.3012028932571411,0.043350934982299805,-1.9721812009811401,5.5703125,387.59814453125,0.5356056690216064,0.1912517547607422,-13.842606544494629,0.9509499669075012,0.8707908987998962,1.448986291885376,0.34765625,6.229762077331543,-0.8569695949554443,-16.970279693603516,0.10507151484489441,-16.235591888427734,-44.81409454345703,3.679401159286499,31600
12.5285062789917,0.44425442814826965,0.09017755091190338,-2.163412094116211,4.44140625,303.4412536621094,-0.17216120660305023,0.16266165673732758,-13.230949401855469,0.9217732548713684,0.8656570315361023,1.642493724822998,0.3359375,5.508418083190918,-0.9720792770385742,-8.318952560424805,0.3028949201107025,-15.29350471496582,-44.65647506713867,3.4921205043792725,31700
10.932010650634766,0.26935654878616333,-0.00010355561971664429,-2.0122222900390625,4.4609375,330.4283752441406,-0.05700978636741638,0.1586456298828125,-13.054549217224121,0.8439089059829712,0.8652042746543884,1.3944344520568848,0.40625,3.5962674617767334,-0.79810631275177,-16.001419067382812,0.16891005635261536,-12.768861770629883,-43.2330322265625,3.254826545715332,31800
5.696925640106201,-0.020930398255586624,0.005508303642272949,-2.337235450744629,5.58984375,347.5126037597656,-0.04573497176170349,0.058685302734375,-12.56003475189209,0.7655314207077026,0.8648976683616638,1.3718950748443604,0.26953125,7.324375629425049,-1.0199052095413208,-9.100545883178711,0.11996479332447052,-10.363402366638184,-45.327091217041016,2.5518763065338135,31900
8.04528522491455,0.027209654450416565,0.03757348656654358,-2.4003796577453613,5.4765625,276.34027099609375,-0.5545001029968262,-0.2193737030029297,-13.505282402038574,0.896285355091095,0.8561661839485168,1.5002669095993042,0.2890625,7.536680221557617,-0.9328563213348389,-17.738492965698242,0.6336057186126709,-12.001152038574219,-45.02714920043945,4.414023399353027,32000
13.335631370544434,0.5058837532997131,0.09434401243925095,-1.4868991374969482,2.82421875,458.71832275390625,0.6980020999908447,0.05246609449386597,-14.2559814453125,0.9648739695549011,0.8625192642211914,1.8846006393432617,0.33203125,5.90966272354126,-0.9796848297119141,-34.13863754272461,0.363579660654068,-14.955730438232422,-44.25887680053711,6.1733245849609375,32100
13.070998191833496,0.397172749042511,0.05582651495933533,-1.6535050868988037,3.33984375,380.44781494140625,0.3590015769004822,0.05770525336265564,-13.436805725097656,0.8777710199356079,0.8748927116394043,1.6969043016433716,0.3359375,9.174880027770996,-0.7421753406524658,-21.49559211730957,0.12578251957893372,-15.48745059967041,-46.89297103881836,6.980487823486328,32200
10.369239807128906,0.2472846359014511,0.019166946411132812,-2.2876853942871094,5.34375,258.2697448730469,-0.5027268528938293,-0.3033561706542969,-13.331419944763184,0.8983095288276672,0.8677140474319458,1.4870531558990479,0.3203125,4.949094772338867,-0.8638232946395874,-8.640113830566406,0.5642929077148438,-12.93931770324707,-45.022438049316406,3.1533238887786865,32300
10.33480167388916,0.2308521270751953,0.013016626238822937,-2.0860209465026855,4.44140625,317.0517272949219,0.4445696473121643,0.19014930725097656,-12.940577507019043,0.8502195477485657,0.8605294227600098,1.7468373775482178,0.3984375,9.644247055053711,-0.5331804752349854,-15.936580657958984,0.022560086101293564,-14.39138412475586,-44.22780990600586,4.283219814300537,32400
7.6528730392456055,0.06849128752946854,0.008204452693462372,-2.088503360748291,4.421875,346.0597839355469,0.423990398645401,-0.11543655395507812,-13.174545288085938,0.9068605303764343,0.855822741985321,1.4815692901611328,0.33203125,4.554235458374023,-0.956218421459198,-9.432357788085938,0.23270592093467712,-15.910391807556152,-45.30058670043945,3.2871885299682617,32500
7.387304782867432,0.26745137572288513,0.13510799407958984,-1.703678011894226,2.7109375,404.10650634765625,0.43587177991867065,0.013246744871139526,-13.446674346923828,0.9306421279907227,0.8596978187561035,1.8002604246139526,0.32421875,17.756860733032227,-0.8539767265319824,-11.601354598999023,0.13584253191947937,-17.576190948486328,-46.11604690551758,6.64847469329834,32600
9.77396011352539,0.22514531016349792,0.024588584899902344,-2.3740010261535645,6.88671875,335.63421630859375,0.07034456729888916,0.046977996826171875,-13.397417068481445,0.9036272168159485,0.8540571331977844,1.5561408996582031,0.296875,4.06149959564209,-1.0909614562988281,-10.552791595458984,0.03843385726213455,-14.301671981811523,-45.47737503051758,3.1503608226776123,32700
7.161703109741211,-0.07122965157032013,-0.0065336674451828,-2.2136635780334473,4.91796875,328.48968505859375,-0.08403381705284119,0.280853271484375,-13.354501724243164,0.8929962515830994,0.8539150357246399,1.4994629621505737,0.3359375,4.9147491455078125,-1.0726022720336914,-11.942489624023438,0.03981770575046539,-14.373221397399902,-46.37395095825195,2.974217653274536,32800
8.978302001953125,0.12782824039459229,0.058350205421447754,-2.146761894226074,4.64453125,306.359130859375,-0.15682898461818695,0.006357669830322266,-13.049901008605957,0.8575620651245117,0.8571697473526001,1.5622196197509766,0.33203125,5.354405403137207,-0.8835076093673706,-18.347444534301758,-0.18875817954540253,-13.853195190429688,-42.82170486450195,4.572597503662109,32900
8.133293151855469,0.04025653004646301,0.00398978590965271,-2.2581772804260254,4.52734375,290.32110595703125,-0.9306132197380066,-0.34171247482299805,-13.069153785705566,0.8531895875930786,0.8622081875801086,1.5459327697753906,0.359375,11.95695686340332,-0.7500160932540894,-10.080120086669922,0.24847249686717987,-15.759511947631836,-45.63649368286133,4.700820446014404,33000
8.43706226348877,0.09220659732818604,0.007259383797645569,-2.2697110176086426,4.26953125,273.68292236328125,-0.4471439719200134,-0.01700592041015625,-13.769607543945312,0.9191985130310059,0.865071713924408,1.472432255744934,0.35546875,9.440994262695312,-0.7324756383895874,-16.420928955078125,0.30980706214904785,-14.641561508178711,-46.78569412231445,4.083530426025391,33100
8.415260314941406,0.33630844950675964,0.10622406005859375,-1.8362916707992554,4.4140625,325.4646301269531,0.18944793939590454,0.13249969482421875,-13.152050018310547,0.885564923286438,0.8532962799072266,1.4755222797393799,0.3125,6.343199729919434,-0.921532928943634,-11.5064115524292,0.39093443751335144,-14.414140701293945,-44.10104751586914,3.500807762145996,33200
8.64267349243164,0.3019377589225769,0.06093120574951172,-2.117497444152832,4.74609375,301.9144287109375,-0.034120023250579834,-0.061222076416015625,-13.457082748413086,0.8849671483039856,0.8498131036758423,1.229489803314209,0.421875,3.942613124847412,-0.5788848400115967,-6.6129150390625,0.8428361415863037,-15.810300827026367,-47.74424362182617,2.417968988418579,33300
10.108420372009277,0.3783462643623352,0.04853677749633789,-2.105212450027466,4.47265625,334.4469909667969,0.09181508421897888,-0.06937503814697266,-13.331982612609863,0.8863674402236938,0.848973274230957,1.6035571098327637,0.3359375,5.0169782638549805,-1.0695152282714844,-18.435565948486328,0.127821683883667,-14.74188232421875,-46.42522048950195,4.428998947143555,33400
5.068004608154297,0.2887006402015686,0.012873560190200806,-1.253110647201538,2.1875,377.60540771484375,0.06262856721878052,0.20766332745552063,-13.134686470031738,0.8285480737686157,0.8513274192810059,1.7305538654327393,0.29296875,6.75519323348999,-1.3123441934585571,-29.510311126708984,0.3341427445411682,-16.124526977539062,-46.86369323730469,7.051813125610352,33500
8.577686309814453,0.21677757799625397,0.011455141007900238,-2.112443447113037,5.09765625,356.4314270019531,0.5287096500396729,0.25186729431152344,-13.048033714294434,0.8520719408988953,0.8523243069648743,1.2961475849151611,0.34765625,3.778402328491211,-0.8974295854568481,-14.065892219543457,0.16378438472747803,-12.618167877197266,-44.24338150024414,2.6627163887023926,33600
9.082389831542969,0.33841198682785034,0.1761159896850586,-1.281590223312378,2.13671875,423.82452392578125,0.7455378770828247,0.6314163208007812,-13.348236083984375,0.8779846429824829,0.862592339515686,1.538910150527954,0.34765625,6.247354507446289,-0.9837058782577515,-10.173664093017578,0.5525059103965759,-16.123443603515625,-46.653892517089844,3.773592472076416,33700
7.502439498901367,0.06735259294509888,0.045310527086257935,-2.0173699855804443,5.53515625,301.13299560546875,-0.1959000825881958,0.16659952700138092,-12.843120574951172,0.8111099600791931,0.8620699048042297,1.5078363418579102,0.3515625,4.482783317565918,-0.9059908390045166,-14.85146713256836,0.41314202547073364,-15.250696182250977,-46.003170013427734,3.868588924407959,33800
9.329564094543457,0.019099585711956024,-0.0037723779678344727,-2.151510715484619,5.1328125,369.48297119140625,0.289188027381897,0.5965042114257812,-13.716400146484375,0.9223809242248535,0.874483585357666,1.566615104675293,0.328125,7.8255462646484375,-1.0614402294158936,-22.791217803955078,0.800055980682373,-16.238231658935547,-47.00032043457031,4.563887596130371,33900
7.041459083557129,0.053190603852272034,-0.004029721021652222,-1.7811830043792725,3.67578125,245.53964233398438,-0.05781105160713196,-0.200836181640625,-14.867304801940918,0.9272857904434204,0.8654515147209167,1.595970869064331,0.2578125,16.293548583984375,-0.8860369920730591,-30.794225692749023,-0.7996839880943298,-11.326586723327637,-42.272911071777344,15.849546432495117,34000
4.7763671875,0.20249606668949127,0.0005543380975723267,-2.0891880989074707,7.0703125,161.22503662109375,-0.5965125560760498,-0.04021656513214111,-12.155147552490234,0.6374468207359314,0.8177696466445923,1.4044361114501953,0.28515625,20.838865280151367,-0.52288818359375,-10.372871398925781,0.5256919860839844,-6.111944198608398,-45.868247985839844,5.064909934997559,34100
3.910900115966797,0.03293445706367493,0.003782406449317932,-2.015850067138672,6.18359375,230.45703125,-0.18519741296768188,-0.008450627326965332,-11.828872680664062,0.6284841299057007,0.794388473033905,1.2544472217559814,0.25390625,5.602463722229004,-0.9398205280303955,-13.00909423828125,0.09302616119384766,-6.702068328857422,-40.21990203857422,2.0400986671447754,34200
5.889199733734131,0.1433694064617157,0.005637139081954956,-1.177725076675415,1.390625,345.6759033203125,0.4408031702041626,0.18563377857208252,-12.073040008544922,0.7032999992370605,0.7921687960624695,1.3557177782058716,0.30859375,4.14829158782959,-1.0035171508789062,-7.842926979064941,1.8771142959594727,-13.945182800292969,-46.90517807006836,1.4705531597137451,34300
6.36297607421875,0.05514374002814293,0.01906728744506836,-2.050450086593628,5.41796875,289.7735595703125,-0.11992885172367096,-0.06539058685302734,-12.903555870056152,0.8184871673583984,0.8027902841567993,1.412589430809021,0.3515625,5.9125776290893555,-0.8315744400024414,-12.081365585327148,0.2747489809989929,-11.306279182434082,-45.15631103515625,3.0515267848968506,34400
6.577866554260254,0.26304078102111816,0.01889805495738983,-2.151141405105591,5.3828125,366.8118591308594,0.23263856768608093,0.8005218505859375,-13.202608108520508,0.8137165307998657,0.8454041481018066,1.5129914283752441,0.34375,10.008008003234863,-0.8981091976165771,-11.184849739074707,0.16235291957855225,-11.846717834472656,-43.54835510253906,3.910841226577759,34500
6.1373701095581055,0.1754775494337082,0.027838051319122314,-2.23760724067688,6.1640625,353.9242858886719,0.5475702881813049,0.1121969223022461,-12.975067138671875,0.8367932438850403,0.8595680594444275,1.4999549388885498,0.3125,4.113385200500488,-0.9890094995498657,-10.644161224365234,0.0518227219581604,-12.639001846313477,-45.141090393066406,2.681539535522461,34600
5.457362651824951,0.002613488584756851,0.0009690672159194946,-1.9866368770599365,4.12890625,327.5503234863281,-0.24780680239200592,-0.11643409729003906,-13.217995643615723,0.8515012860298157,0.8654468655586243,1.3691489696502686,0.3203125,8.417767524719238,-0.9078853130340576,-8.645914077758789,0.23025710880756378,-15.65327262878418,-44.43755340576172,2.9111714363098145,34700
10.489126205444336,0.2726297974586487,0.10243010520935059,-1.396314263343811,3.27734375,366.4344177246094,0.40140867233276367,-0.042876243591308594,-14.048357963562012,1.0450963973999023,0.8657262921333313,2.000572443008423,0.33203125,5.0561628341674805,-1.1185888051986694,-30.781774520874023,0.15932679176330566,-16.159732818603516,-47.35577392578125,7.021953582763672,34800
8.801640510559082,-0.009783893823623657,0.009846918284893036,-2.244764804840088,5.62890625,286.3550109863281,-0.46994879841804504,-0.3635244369506836,-12.821474075317383,0.8026579022407532,0.8807846307754517,1.4703269004821777,0.328125,7.375139236450195,-0.8045758008956909,-12.315803527832031,0.8647828102111816,-14.45560359954834,-47.56640625,3.814661979675293,34900
7.249685764312744,0.18612641096115112,0.014334283769130707,-2.0167315006256104,4.921875,337.215576171875,-0.0019189119338989258,-0.16093504428863525,-13.397979736328125,0.8925466537475586,0.8733285069465637,1.6093395948410034,0.3046875,10.077110290527344,-0.9674164056777954,-8.661596298217773,0.26175394654273987,-14.855452537536621,-48.536590576171875,5.159907341003418,35000
5.771823406219482,0.15769003331661224,0.003119751811027527,-2.040480375289917,4.359375,321.09576416015625,-0.23234887421131134,-0.1190185546875,-12.724562644958496,0.7926612496376038,0.8693972826004028,1.2350380420684814,0.3671875,6.526549816131592,-0.699013352394104,-17.97930145263672,0.20421050488948822,-13.065847396850586,-46.37733459472656,2.7182490825653076,35100
3.5287156105041504,0.1184028834104538,0.015180811285972595,-1.0840866565704346,2.12890625,364.1579895019531,-0.7778571844100952,-0.2806224822998047,-13.438739776611328,0.8769292831420898,0.863163411617279,1.6017165184020996,0.34375,6.136495590209961,-1.017287015914917,-16.413288116455078,0.6200294494628906,-16.70407485961914,-48.5034294128418,4.6529388427734375,35200
12.234123229980469,0.1782071739435196,0.059465937316417694,-2.2306642532348633,6.60546875,296.5951232910156,-0.034605033695697784,0.3608245849609375,-12.930061340332031,0.859632670879364,0.8570882678031921,1.5975022315979004,0.3359375,5.91144323348999,-0.9822827577590942,-14.612327575683594,0.22591300308704376,-16.54768180847168,-48.95650100708008,4.001648426055908,35300
4.433122634887695,0.21228748559951782,0.012231424450874329,-1.5014753341674805,2.32421875,348.9181213378906,-0.0677236020565033,5.397200584411621e-05,-12.796283721923828,0.8063368201255798,0.8537107706069946,1.349550724029541,0.34765625,3.082760810852051,-0.8719891309738159,-9.151103973388672,0.4649006128311157,-17.113752365112305,-49.07831573486328,2.3267531394958496,35400
11.256621360778809,0.5206375122070312,0.025748565793037415,-1.9696186780929565,4.9765625,379.67376708984375,0.501436710357666,0.14724841713905334,-13.890687942504883,0.8917040824890137,0.864057183265686,1.5748264789581299,0.3515625,8.564311981201172,-0.8484940528869629,-20.25542640686035,0.1313004493713379,-13.414653778076172,-46.31387710571289,5.242903709411621,35500
8.946245193481445,0.3612512946128845,0.012969441711902618,-1.9219086170196533,4.41015625,369.9022216796875,0.8593851923942566,0.21708297729492188,-13.625188827514648,0.9039704203605652,0.8745607733726501,1.4056391716003418,0.328125,6.8573150634765625,-0.8409273624420166,-8.663185119628906,0.2538699805736542,-14.920793533325195,-50.1392936706543,3.065852642059326,35600
7.448923110961914,0.04715295135974884,0.031183481216430664,-2.030369281768799,4.6953125,307.09967041015625,0.006025746464729309,0.06906148791313171,-13.145956039428711,0.8579843640327454,0.8548659682273865,1.6439480781555176,0.34375,9.305389404296875,-0.8116185069084167,-18.547374725341797,0.3977947235107422,-17.178607940673828,-48.61571502685547,4.11076545715332,35700
7.555130481719971,-0.024951666593551636,-0.015355557203292847,-2.285485029220581,6.4765625,322.79827880859375,-0.08505114912986755,0.16243937611579895,-12.831838607788086,0.8359596133232117,0.8553019762039185,1.6667523384094238,0.359375,4.3889970779418945,-0.9402929544448853,-33.40117263793945,0.8160161375999451,-15.929971694946289,-46.42509078979492,5.531397819519043,35800
8.812692642211914,0.37288591265678406,0.02656012773513794,-1.2169910669326782,2.421875,299.80340576171875,-1.2951381206512451,-0.6532707214355469,-12.976167678833008,0.8062240481376648,0.8577300310134888,1.6226682662963867,0.35546875,4.893217086791992,-1.2314640283584595,-19.062101364135742,0.7646338939666748,-16.541593551635742,-49.03288269042969,4.290255546569824,35900
5.523120880126953,-0.015438579022884369,0.026259630918502808,-1.82677161693573,4.0234375,330.1353759765625,0.17757432162761688,0.5840640068054199,-13.00937557220459,0.8339857459068298,0.8523045778274536,1.4860866069793701,0.34765625,5.101494312286377,-0.9875282049179077,-9.046575546264648,0.38598185777664185,-16.22908592224121,-48.88401412963867,3.0292563438415527,36000
6.620227813720703,0.22948408126831055,0.028547286987304688,-2.04927134513855,5.16015625,368.44451904296875,0.050127267837524414,0.10112571716308594,-13.420188903808594,0.857892632484436,0.8516367077827454,1.4113750457763672,0.24609375,8.18640422821045,-1.008182168006897,-12.278829574584961,0.186306431889534,-16.251649856567383,-48.538116455078125,2.57610821723938,36100
6.369307518005371,0.1585230529308319,0.05254572629928589,-2.1113662719726562,4.03125,346.71185302734375,0.1895691454410553,-0.09284019470214844,-12.780582427978516,0.8135877847671509,0.8491972088813782,1.5437281131744385,0.359375,7.265627384185791,-0.820243775844574,-12.52450180053711,0.38053905963897705,-15.107246398925781,-46.93844223022461,4.39546012878418,36200
8.100982666015625,-0.014095649123191833,0.0012039020657539368,-2.365546703338623,5.625,330.17547607421875,0.5948184728622437,0.06569671630859375,-13.4390287399292,0.899653434753418,0.8526283502578735,1.5721051692962646,0.31640625,5.548975944519043,-0.9279321432113647,-18.017919540405273,0.3865594267845154,-16.729225158691406,-48.49907302856445,4.344622611999512,36300
13.298412322998047,0.31699874997138977,0.08983246237039566,-1.9425925016403198,3.78515625,338.8299255371094,-0.05519016087055206,0.2940835952758789,-12.739347457885742,0.8258367776870728,0.8615360260009766,1.9628952741622925,0.34765625,17.143386840820312,-0.2445632368326187,-6.988452911376953,0.024576865136623383,-18.64063262939453,-48.09901809692383,7.570995330810547,36400
9.604569435119629,0.2683449685573578,0.10136061906814575,-2.04352068901062,4.68359375,392.94927978515625,0.5106996297836304,0.4489421844482422,-13.050043106079102,0.8404437303543091,0.8784918785095215,1.6791481971740723,0.33984375,7.203863620758057,-0.7504634261131287,-11.577363967895508,0.14824822545051575,-18.523155212402344,-50.88700485229492,4.598241329193115,36500
7.2927093505859375,-0.1060524731874466,-0.0011159777641296387,-2.3871817588806152,5.2578125,270.3602294921875,0.07454002648591995,-0.0018701553344726562,-13.663883209228516,0.9391703605651855,0.8580862283706665,1.318100929260254,0.33984375,10.826034545898438,-0.7214640378952026,-10.524129867553711,0.43624234199523926,-16.33405113220215,-50.911163330078125,3.3661141395568848,36600
11.667922973632812,0.37831932306289673,0.048041582107543945,-2.2827794551849365,4.63671875,346.2250061035156,0.24591082334518433,0.22931289672851562,-12.982904434204102,0.8322168588638306,0.8438271880149841,1.645298719406128,0.34765625,8.156057357788086,-0.8534950613975525,-15.947911262512207,0.2838899493217468,-14.890373229980469,-50.10078811645508,5.315849781036377,36700
9.650272369384766,0.31218844652175903,0.022508442401885986,-2.364956855773926,5.5859375,362.1683349609375,0.19896680116653442,0.5058479309082031,-12.821956634521484,0.8242904543876648,0.8380283713340759,1.5095375776290894,0.28515625,6.3233642578125,-0.9222708940505981,-6.513416290283203,0.33606821298599243,-16.99083709716797,-48.107357025146484,3.0170977115631104,36800
8.453393936157227,-0.03644608333706856,0.00036203861236572266,-2.062103271484375,5.50390625,278.56622314453125,-0.17237406969070435,-0.07488039135932922,-13.10145092010498,0.8929099440574646,0.839790940284729,1.7646883726119995,0.37890625,6.672609329223633,-0.6064333319664001,-17.099536895751953,0.9038447737693787,-15.327202796936035,-46.761924743652344,4.842241287231445,36900
8.619441986083984,0.15705053508281708,-0.0029554665088653564,-2.1336019039154053,5.1171875,294.6292724609375,-0.39074206352233887,-0.17971324920654297,-11.835838317871094,0.6271852850914001,0.8543545007705688,1.4552001953125,0.3125,6.555258750915527,-0.8536546230316162,-8.39589786529541,0.39478862285614014,-11.43189811706543,-48.07140350341797,3.6407015323638916,37000
5.794621467590332,0.10893068462610245,-0.0020300745964050293,-1.63395357131958,3.71484375,273.4727478027344,0.5103552341461182,0.005202531814575195,-11.264893531799316,0.5753821134567261,0.7920113801956177,1.2951817512512207,0.265625,15.049628257751465,-0.731308102607727,-20.800106048583984,0.19247004389762878,-7.965058326721191,-44.91221237182617,4.6889824867248535,37100
5.178943634033203,0.25231510400772095,0.02651110291481018,-1.5257289409637451,3.171875,313.78057861328125,0.08270291984081268,0.19986742734909058,-11.681869506835938,0.6277787089347839,0.7514458298683167,1.2763075828552246,0.3359375,5.96493673324585,-0.6183933019638062,-8.398784637451172,1.3548495769500732,-10.340517044067383,-50.80364227294922,2.6007959842681885,37200
8.586286544799805,0.02265259623527527,0.00019305944442749023,-2.2413902282714844,6.2578125,239.47598266601562,-0.5073535442352295,-0.011069297790527344,-12.537837982177734,0.7291607856750488,0.7509425282478333,1.615513801574707,0.3046875,7.406844139099121,-1.0727462768554688,-11.094755172729492,0.1844170242547989,-11.024333953857422,-51.624332427978516,3.3419647216796875,37300
13.350271224975586,0.23887792229652405,0.021984383463859558,-2.1079635620117188,4.6171875,329.87890625,-0.11750186234712601,0.35790014266967773,-12.203280448913574,0.7012052536010742,0.7753084301948547,1.5849688053131104,0.34765625,11.377058029174805,-0.9176496267318726,-14.553486824035645,1.2094206809997559,-13.161993026733398,-51.46364974975586,4.1056647300720215,37400
8.589508056640625,0.1288147270679474,-0.00946187973022461,-2.0807230472564697,4.0859375,361.38580322265625,0.3585628271102905,0.3369598388671875,-12.047205924987793,0.7141863703727722,0.7993923425674438,1.552751898765564,0.38671875,8.193408012390137,-0.6164951920509338,-7.858999252319336,0.352426141500473,-15.07765007019043,-48.0948486328125,3.9065964221954346,37500
7.638134002685547,0.06236591190099716,0.018681325018405914,-1.8854622840881348,3.640625,359.0307922363281,0.43591347336769104,0.32816267013549805,-12.159217834472656,0.6736277341842651,0.8187088370323181,1.4080159664154053,0.3203125,7.384343147277832,-0.8867640495300293,-13.214889526367188,0.0838266909122467,-11.136136054992676,-50.649593353271484,3.4864118099212646,37600
8.658291816711426,0.1933094561100006,0.006150797009468079,-2.019864559173584,4.80078125,299.1805419921875,0.18460723757743835,0.03274679183959961,-12.843103408813477,0.8022746443748474,0.8258002400398254,1.3996517658233643,0.38671875,6.121478080749512,-0.7297929525375366,-8.063644409179688,0.6905623078346252,-13.620098114013672,-50.50761032104492,3.3800950050354004,37700
6.671393394470215,0.2245667576789856,0.02817678451538086,-1.999650239944458,4.953125,348.5585021972656,0.007157653570175171,0.0352015495300293,-13.370404243469238,0.8905037045478821,0.8387808203697205,1.3496615886688232,0.28125,5.566020965576172,-0.968032717704773,-9.473308563232422,0.46932223439216614,-16.317224502563477,-52.745582580566406,2.3155179023742676,37800
9.573058128356934,0.3387805223464966,0.10933229327201843,-1.754688024520874,3.28515625,396.5623779296875,0.12374618649482727,0.060212135314941406,-13.129478454589844,0.8680785298347473,0.836085319519043,1.7404217720031738,0.34765625,8.659845352172852,-0.7382261753082275,-10.43828296661377,0.24816040694713593,-17.792888641357422,-52.08384323120117,4.621603488922119,37900
9.030258178710938,-0.00991860032081604,0.009002931416034698,-2.384284019470215,6.08203125,241.77777099609375,0.15222135186195374,0.11509895324707031,-13.15301513671875,0.8592416644096375,0.8410360217094421,1.2836027145385742,0.296875,4.759805679321289,-0.8689007759094238,-7.796146869659424,0.4249061346054077,-14.650558471679688,-47.68730545043945,2.38639497756958,38000
5.344425201416016,0.11364234983921051,0.03337502479553223,-1.4438774585723877,3.2109375,388.2740478515625,1.200638771057129,0.32819271087646484,-13.14993667602539,0.8484112620353699,0.8448695540428162,1.5355101823806763,0.32421875,8.416357040405273,-0.8941410779953003,-12.483834266662598,0.40611332654953003,-16.83561897277832,-50.965782165527344,4.307374477386475,38100
9.267356872558594,0.2505488097667694,0.01773741841316223,-2.324467658996582,5.97265625,311.57427978515625,-0.3528873324394226,0.494248628616333,-13.155288696289062,0.8361318707466125,0.8436744809150696,1.4008781909942627,0.2890625,6.625405788421631,-1.0267070531845093,-12.41488265991211,0.6471902132034302,-16.140846252441406,-49.64970397949219,2.7334468364715576,38200
6.2608771324157715,0.03978579491376877,0.01095050573348999,-2.2254390716552734,4.78515625,323.76983642578125,0.2123137265443802,0.1390390396118164,-13.194314956665039,0.865416944026947,0.8489700555801392,1.3905036449432373,0.31640625,7.600970268249512,-0.857952356338501,-18.454605102539062,0.4325970411300659,-16.94863510131836,-52.82655334472656,3.52504563331604,38300
6.960282325744629,0.19839288294315338,0.06343412399291992,-2.415518045425415,6.1953125,295.54180908203125,0.2258816957473755,0.2165203094482422,-13.13017463684082,0.8711371421813965,0.8457933664321899,1.3682607412338257,0.359375,14.790063858032227,-0.7014742493629456,-7.507246017456055,0.1649380922317505,-13.471278190612793,-49.11255645751953,3.581997871398926,38400
9.378982543945312,0.25618332624435425,0.025153428316116333,-2.150120735168457,5.046875,405.4052734375,0.8497022390365601,0.39664363861083984,-13.069158554077148,0.8270307779312134,0.8449451327323914,1.305715560913086,0.3046875,5.164247512817383,-0.9611272811889648,-12.082197189331055,0.048249706625938416,-14.090389251708984,-52.81711959838867,2.294373035430908,38500
10.154383659362793,0.45561733841896057,0.012679040431976318,-2.505744457244873,5.35546875,358.8824768066406,0.5210621953010559,0.4088820219039917,-13.453364372253418,0.7898880839347839,0.8508495688438416,1.3932502269744873,0.33203125,25.337133407592773,-0.4909530282020569,-10.292144775390625,0.3797568380832672,-11.393908500671387,-50.784996032714844,9.145879745483398,38600
6.593934535980225,0.1726001501083374,0.06417588144540787,-1.9684377908706665,4.61328125,290.760986328125,-0.6489890217781067,-0.15113258361816406,-12.295892715454102,0.7353289723396301,0.8081790208816528,1.63599693775177,0.3203125,22.328826904296875,-0.7794846892356873,-17.411724090576172,0.7679489850997925,-12.615205764770508,-43.40681838989258,6.444759845733643,38700
7.938051700592041,0.15575522184371948,0.035341739654541016,-2.1851119995117188,4.49609375,309.76361083984375,-0.2948591411113739,-0.45868968963623047,-12.658080101013184,0.7629709839820862,0.8049478530883789,1.4384582042694092,0.35546875,7.788796424865723,-0.7744512557983398,-11.433027267456055,0.2274022102355957,-14.730134010314941,-49.844600677490234,3.395543098449707,38800
11.813796997070312,0.5127951502799988,0.12129831314086914,-2.209547519683838,4.6640625,333.3158874511719,0.10503404587507248,0.3330049514770508,-12.658565521240234,0.7907840013504028,0.8146280646324158,1.621810793876648,0.375,6.610569953918457,-0.7363427877426147,-14.143834114074707,0.6010564565658569,-14.471166610717773,-46.33326721191406,3.8893866539001465,38900
5.076779365539551,0.17053145170211792,0.014568448066711426,-1.7238714694976807,4.36328125,355.2301940917969,0.5308828949928284,0.15819387137889862,-11.888973236083984,0.6691409945487976,0.822530210018158,1.3069496154785156,0.28515625,9.695646286010742,-0.8091382384300232,-8.254039764404297,0.46771129965782166,-10.727924346923828,-50.22446060180664,2.7475132942199707,39000
7.688889503479004,0.13451752066612244,0.014693021774291992,-2.4657373428344727,6.421875,294.44091796875,-0.3098847568035126,-0.014246225357055664,-12.346477508544922,0.762224018573761,0.8259933590888977,1.291219711303711,0.3515625,4.858689308166504,-0.7583174109458923,-8.44260025024414,0.5284354090690613,-12.374500274658203,-49.02153015136719,2.6735148429870605,39100
10.335785865783691,0.19537436962127686,-0.0016060024499893188,-2.2387099266052246,5.98828125,293.59100341796875,0.2523215413093567,-0.05078268051147461,-12.543766021728516,0.7849161028862,0.8384114503860474,1.464199423789978,0.3515625,4.964449882507324,-0.7827100157737732,-18.71895408630371,0.5250373482704163,-15.316606521606445,-48.78834915161133,3.4396278858184814,39200
5.626541614532471,0.13251572847366333,0.00041732192039489746,-2.258293628692627,4.19921875,297.97247314453125,0.40673553943634033,0.013872146606445312,-12.82686996459961,0.800353467464447,0.8378517031669617,1.1931469440460205,0.3515625,4.140214920043945,-0.6712573170661926,-6.526773452758789,0.5890470743179321,-12.794672012329102,-49.52226638793945,2.078122138977051,39300
11.869800567626953,0.3709322214126587,0.07387447357177734,-2.168396472930908,5.3828125,327.4314880371094,-0.037407055497169495,0.2590036392211914,-13.011096954345703,0.8552833795547485,0.8390141725540161,1.3047029972076416,0.33984375,5.167930603027344,-0.7432512044906616,-5.817701816558838,0.4170647859573364,-14.015188217163086,-53.99131393432617,2.3208718299865723,39400
10.6744384765625,0.46893760561943054,0.11728210747241974,-1.9857242107391357,5.4921875,310.76568603515625,0.015516132116317749,-0.25975722074508667,-12.700516700744629,0.7969318628311157,0.845575749874115,1.381711721420288,0.3046875,5.9402618408203125,-0.8021118640899658,-7.723965644836426,0.339841365814209,-13.915623664855957,-47.47300720214844,2.9160852432250977,39500
8.727701187133789,0.13617683947086334,-0.00205230712890625,-2.1227614879608154,4.12109375,338.54986572265625,0.38702574372291565,0.43853187561035156,-13.023092269897461,0.834359347820282,0.840052604675293,1.4867899417877197,0.33984375,9.95361042022705,-0.9568322896957397,-9.096031188964844,0.19999469816684723,-14.135709762573242,-47.52530288696289,3.6839709281921387,39600
11.456207275390625,0.22721923887729645,0.04822897911071777,-2.2201788425445557,5.1796875,319.1526794433594,-0.3200911283493042,-0.4149646759033203,-13.114871978759766,0.8607940673828125,0.8509895205497742,1.6389751434326172,0.28125,7.881321907043457,-0.9392744898796082,-16.549720764160156,0.5722564458847046,-17.235944747924805,-53.928123474121094,4.698078155517578,39700
10.5380220413208,0.2890164256095886,0.14456725120544434,-1.9644982814788818,4.11328125,331.24615478515625,-0.4979477524757385,-0.47797679901123047,-12.788427352905273,0.8182881474494934,0.8524944186210632,1.5213356018066406,0.375,9.32856273651123,-0.5669136643409729,-8.09281063079834,0.03378560394048691,-14.080891609191895,-52.84089279174805,3.8049511909484863,39800
12.81496810913086,0.29898542165756226,-0.002414703369140625,-1.9968547821044922,4.03515625,365.4057312011719,0.9959661960601807,0.3430919647216797,-12.874216079711914,0.8292908072471619,0.8549729585647583,1.6820104122161865,0.32421875,7.489645957946777,-1.1863754987716675,-11.321666717529297,1.012274980545044,-15.64704704284668,-48.88878631591797,4.1580657958984375,39900
8.06389045715332,0.21255195140838623,0.03700905293226242,-1.9892020225524902,4.26171875,299.90283203125,-0.010229580104351044,-0.10933876037597656,-13.214495658874512,0.8716068267822266,0.8482691049575806,1.5470798015594482,0.3984375,7.75615119934082,-0.6989286541938782,-8.576351165771484,0.3839302062988281,-16.656349182128906,-53.26731491088867,4.0426201820373535,40000
13.256407737731934,0.32458794116973877,0.08105754852294922,-1.8948776721954346,4.0078125,319.9696960449219,-0.5436539053916931,-0.1273822784423828,-12.9542875289917,0.869256317615509,0.8495231866836548,1.5919394493103027,0.39453125,20.980085372924805,-0.6453313231468201,-10.266803741455078,0.18729828298091888,-18.697044372558594,-52.96735763549805,6.550379753112793,40100
7.0874104499816895,0.17363247275352478,0.0213489830493927,-1.621185541152954,3.1953125,350.9521789550781,0.7873008847236633,0.039041101932525635,-13.380167007446289,0.9135234951972961,0.8765335083007812,1.8102248907089233,0.359375,10.955459594726562,-0.6799488067626953,-12.396188735961914,0.11462971568107605,-17.85083770751953,-55.036781311035156,5.479817867279053,40200
6.941016674041748,0.22429896891117096,0.010391086339950562,-2.15571928024292,4.43359375,339.99847412109375,0.24219577014446259,0.03738594055175781,-13.185419082641602,0.8440350890159607,0.8595522046089172,1.5622339248657227,0.33984375,7.986482620239258,-0.8892391920089722,-10.320106506347656,0.6177626252174377,-15.15919017791748,-49.14291000366211,4.371326446533203,40300
7.543735980987549,0.245775043964386,0.07189005613327026,-1.4452556371688843,3.2109375,308.99871826171875,-0.9849767088890076,-0.0065805017948150635,-13.480342864990234,0.8798576593399048,0.8460842967033386,1.5161747932434082,0.3515625,9.465668678283691,-0.9577145576477051,-10.559856414794922,0.9551512002944946,-18.754634857177734,-54.007442474365234,3.5178749561309814,40400
12.56158447265625,0.3052738308906555,0.03150632977485657,-2.3393588066101074,4.640625,269.3255615234375,-0.8255033493041992,-0.4041013717651367,-13.854133605957031,0.9173353314399719,0.8434657454490662,1.4111080169677734,0.40625,22.52298927307129,-0.7437022924423218,-17.29343605041504,0.25118887424468994,-13.306974411010742,-49.40605163574219,6.581265926361084,40500
8.027652740478516,0.2806544899940491,0.030955791473388672,-2.0682897567749023,4.546875,324.5797119140625,0.004681408405303955,0.5816888809204102,-13.146318435668945,0.8794477581977844,0.8528381586074829,1.4554237127304077,0.3671875,10.290952682495117,-0.8868519067764282,-19.54007911682129,0.1068871021270752,-15.4840087890625,-52.991737365722656,4.504274368286133,40600
6.758538722991943,0.06662910431623459,0.0020542144775390625,-2.1234757900238037,5.26953125,278.107666015625,-0.4964299201965332,-0.18779945373535156,-12.857660293579102,0.8347883224487305,0.8514129519462585,1.483733892440796,0.36328125,6.382171630859375,-0.9773080348968506,-7.891922950744629,0.3907757103443146,-16.937480926513672,-55.252197265625,2.9860005378723145,40700
10.593751907348633,0.42820578813552856,0.06143653392791748,-1.9289627075195312,3.97265625,332.7287902832031,-0.25801122188568115,-0.18726539611816406,-13.124578475952148,0.8343443274497986,0.8327147364616394,1.595577597618103,0.390625,6.087052345275879,-0.9323874115943909,-28.52396011352539,0.3356904685497284,-15.86489486694336,-51.81489181518555,6.118741035461426,40800
7.97027587890625,0.0012046992778778076,0.017459511756896973,-2.0439162254333496,4.79296875,326.17962646484375,-0.10721031576395035,0.14894866943359375,-12.999327659606934,0.8214113116264343,0.8447467088699341,1.6594676971435547,0.36328125,6.917122840881348,-0.9735298156738281,-36.292633056640625,0.30273762345314026,-17.51793670654297,-55.19198226928711,6.88292121887207,40900
13.607661247253418,0.2062453329563141,-0.017513751983642578,-2.287769079208374,5.703125,354.7388916015625,0.353270947933197,0.3840818405151367,-13.19453239440918,0.8738406300544739,0.841023862361908,1.6277064085006714,0.35546875,7.4749603271484375,-0.9532440900802612,-16.528350830078125,0.14828956127166748,-16.372432708740234,-49.36256408691406,4.428646087646484,41000
8.925883293151855,-0.10958293080329895,0.0010824203491210938,-2.199554443359375,5.9453125,347.62249755859375,0.15048472583293915,0.1365642547607422,-13.040348052978516,0.864154040813446,0.8546762466430664,1.7530345916748047,0.359375,6.187718391418457,-1.1034401655197144,-30.282711029052734,0.31972241401672363,-18.27587127685547,-53.845890045166016,6.57354736328125,41100
6.662300109863281,0.20393633842468262,0.014298439025878906,-2.0305724143981934,5.25390625,323.79949951171875,0.3414396643638611,0.04723191261291504,-12.910494804382324,0.8257750868797302,0.8500334024429321,1.2705022096633911,0.31640625,6.357233047485352,-0.8477495908737183,-7.263121604919434,0.19047880172729492,-17.048900604248047,-51.687599182128906,2.4681966304779053,41200
11.099529266357422,0.49246934056282043,0.1134653091430664,-2.106538772583008,4.375,320.64202880859375,-0.37159058451652527,0.34955787658691406,-13.125714302062988,0.8456041216850281,0.842743992805481,1.275177001953125,0.359375,4.705360412597656,-0.6732967495918274,-8.020966529846191,0.4263194501399994,-16.724124908447266,-50.35895538330078,2.882187843322754,41300
7.069610595703125,0.03071010857820511,0.004499614238739014,-2.2772552967071533,5.640625,323.77435302734375,-0.09563106298446655,0.5419111251831055,-12.673904418945312,0.793212890625,0.8349847793579102,1.328003168106079,0.34375,6.5095720291137695,-0.705089271068573,-11.887831687927246,-0.04575173929333687,-15.243316650390625,-50.53047180175781,3.0563414096832275,41400
8.441967010498047,0.16868826746940613,0.04812423139810562,-2.162954330444336,5.36328125,298.21728515625,-0.2056371569633484,0.02705097198486328,-12.973158836364746,0.8512943387031555,0.83937007188797,1.661902666091919,0.33984375,7.338661193847656,-0.9540180563926697,-13.559331893920898,0.16864116489887238,-15.82730484008789,-51.3485107421875,4.394915580749512,41500
6.449870586395264,0.2826087772846222,0.02665504813194275,-2.0273637771606445,4.75,355.55322265625,-0.4514266848564148,0.36044085025787354,-13.080936431884766,0.8308840990066528,0.8432863354682922,1.298686146736145,0.33203125,6.808900833129883,-0.8145147562026978,-11.773396492004395,0.5385417938232422,-14.38998031616211,-53.582679748535156,2.4462761878967285,41600
9.5117769241333,0.32919079065322876,0.012579023838043213,-1.8798027038574219,4.0703125,394.07965087890625,0.14478033781051636,0.5124969482421875,-13.424751281738281,0.8442620635032654,0.8327997326850891,1.6287362575531006,0.36328125,10.567626953125,-0.9560409784317017,-14.576481819152832,0.16386277973651886,-13.445611953735352,-51.9699592590332,5.093099117279053,41700
5.094386577606201,0.2709406018257141,0.014772415161132812,-2.310324192047119,5.328125,349.00543212890625,0.3646623492240906,0.10022354125976562,-12.267255783081055,0.7501589059829712,0.8285137414932251,1.4068450927734375,0.30859375,6.936323642730713,-0.8540873527526855,-9.142048835754395,0.3331074118614197,-15.203519821166992,-47.98674011230469,3.0519139766693115,41800
8.66649055480957,0.11051677167415619,0.0003951713442802429,-2.247152090072632,5.8515625,291.492431640625,-0.2836240530014038,-0.1550884246826172,-12.6402587890625,0.7701131701469421,0.8231694102287292,1.445970058441162,0.30859375,6.080524444580078,-0.7085391879081726,-9.29581069946289,0.25421521067619324,-14.170141220092773,-50.335731506347656,3.0648889541625977,41900
4.047301769256592,0.19450555741786957,0.04677224159240723,-1.412988305091858,3.00390625,381.1490478515625,-0.19139599800109863,-0.039005815982818604,-13.073596954345703,0.8350558280944824,0.8387029767036438,1.5357553958892822,0.34375,7.0577545166015625,-0.9789919257164001,-9.495777130126953,0.2859007716178894,-16.540390014648438,-54.31144714355469,3.294306755065918,42000
10.58847427368164,0.054079681634902954,0.0008452758193016052,-2.278266429901123,5.359375,339.25732421875,-0.692078173160553,-0.18772125244140625,-12.836784362792969,0.8124433755874634,0.8409246802330017,1.678757667541504,0.33984375,5.982885837554932,-0.8587152361869812,-13.487552642822266,0.11990661919116974,-15.66120719909668,-55.62050247192383,4.64417839050293,42100
6.413989067077637,0.04876048117876053,0.0001462101936340332,-2.2766194343566895,5.515625,294.23236083984375,-0.5619640350341797,-0.008310690522193909,-12.652181625366211,0.7780775427818298,0.8279415369033813,1.4287207126617432,0.33984375,7.455524921417236,-0.6815756559371948,-12.058113098144531,0.4067571759223938,-13.985921859741211,-55.48914337158203,4.414507865905762,42200
5.615056037902832,-0.11952579766511917,0.0110740065574646,-2.0763838291168213,5.046875,336.3849182128906,0.1537250429391861,-0.006008148193359375,-12.280828475952148,0.7304373979568481,0.8246222734451294,1.5197625160217285,0.32421875,3.3785171508789062,-0.9759438037872314,-24.82718276977539,0.6848801970481873,-14.636432647705078,-49.461517333984375,4.292604446411133,42300
8.640439987182617,0.003361746668815613,0.0054108332842588425,-2.4072399139404297,5.4921875,245.541748046875,-0.41333332657814026,-0.2961463928222656,-12.644328117370605,0.7752184271812439,0.8278493285179138,1.4545636177062988,0.3671875,6.781400680541992,-0.7525726556777954,-9.421712875366211,0.39065971970558167,-16.72152328491211,-56.570579528808594,4.095806121826172,42400
10.531095504760742,0.2523837089538574,-0.012037277221679688,-2.1991915702819824,4.94921875,311.6143798828125,-0.5239085555076599,-0.06355714797973633,-12.995015144348145,0.8035097122192383,0.8363480567932129,1.448672890663147,0.390625,6.296311855316162,-0.8716585040092468,-26.736480712890625,0.13714507222175598,-14.517775535583496,-51.106204986572266,5.369625568389893,42500
7.89054012298584,0.4519076943397522,0.054697513580322266,-2.181224822998047,5.4765625,331.4037780761719,-0.41468775272369385,-0.1265401840209961,-13.209875106811523,0.8459173440933228,0.8293392062187195,1.3548612594604492,0.36328125,8.43014907836914,-0.7978887557983398,-8.098631858825684,0.4453379511833191,-15.547657012939453,-49.84016418457031,3.0261707305908203,42600
8.858450889587402,0.1557616889476776,0.023660730570554733,-1.7742328643798828,3.96484375,351.9992370605469,0.972615659236908,0.16387557983398438,-13.096501350402832,0.8063713312149048,0.832077145576477,1.4359846115112305,0.390625,14.246813774108887,-0.6274760961532593,-11.451990127563477,0.2646424472332001,-16.441905975341797,-56.05815887451172,4.414312362670898,42700
10.88685417175293,0.2870318293571472,0.1210174560546875,-2.0171990394592285,4.57421875,286.4385986328125,-1.2913415431976318,-0.8500089645385742,-12.478012084960938,0.8021976351737976,0.8356882333755493,1.5247364044189453,0.33203125,8.843826293945312,-0.7224513292312622,-7.2951154708862305,-0.08848950266838074,-19.583948135375977,-53.64718246459961,4.274604797363281,42800
9.79988956451416,0.2149316370487213,0.027866020798683167,-2.1703243255615234,4.86328125,364.2541809082031,0.8833750486373901,0.5327796936035156,-12.9041748046875,0.8307052850723267,0.8515874743461609,1.3545427322387695,0.3359375,5.964312553405762,-0.7330828309059143,-10.801067352294922,0.28384143114089966,-14.571796417236328,-56.49729919433594,3.02433443069458,42900
8.534308433532715,0.1634933054447174,0.008578293025493622,-1.965206265449524,5.1953125,281.7908630371094,-0.37618422508239746,0.04394824057817459,-12.694686889648438,0.7542076110839844,0.8463287353515625,1.4754762649536133,0.30078125,6.166128158569336,-1.073774814605713,-12.276488304138184,0.43707075715065,-14.429289817810059,-50.977394104003906,3.004946231842041,43000
7.2007832527160645,0.19373206794261932,0.028442949056625366,-1.2767868041992188,3.0078125,320.94183349609375,-1.1635894775390625,-0.20350128412246704,-12.825139045715332,0.7774520516395569,0.8336769938468933,1.6277343034744263,0.31640625,12.72539234161377,-1.112928032875061,-20.85399627685547,0.4948590099811554,-16.09458351135254,-53.996395111083984,5.205389022827148,43100
5.642134189605713,0.1499980092048645,-0.0008581876754760742,-2.1510746479034424,5.30859375,345.4862060546875,0.6545929312705994,0.2744992971420288,-12.24931526184082,0.6772214770317078,0.8166217803955078,1.4729303121566772,0.3203125,14.16643238067627,-0.7223232984542847,-10.263580322265625,0.0977901816368103,-16.810516357421875,-56.086151123046875,4.74094820022583,43200
7.725644588470459,-0.03859883174300194,0.08709746599197388,-2.3664445877075195,5.64453125,295.27545166015625,-0.07162407040596008,0.006665945053100586,-12.41457462310791,0.7425994277000427,0.8105304837226868,1.787517786026001,0.296875,6.349678993225098,-1.2481404542922974,-21.620159149169922,0.0861004889011383,-16.839622497558594,-54.0832633972168,5.374953269958496,43300
8.39189338684082,0.10102224349975586,0.040664300322532654,-2.0827443599700928,4.63671875,325.4432067871094,0.35366177558898926,0.196075439453125,-12.221500396728516,0.7089323401451111,0.819222629070282,1.5816600322723389,0.32421875,4.926502227783203,-1.1945230960845947,-19.945327758789062,0.15592484176158905,-13.113101959228516,-52.76132583618164,5.277463912963867,43400
9.302881240844727,-0.10279394686222076,-0.008140712976455688,-2.265443801879883,6.3984375,263.0595703125,0.05627626180648804,-0.4044666290283203,-12.48782730102539,0.7893005609512329,0.8159670233726501,1.6242308616638184,0.30859375,10.43846321105957,-0.7705354690551758,-15.422548294067383,0.21397653222084045,-17.47258758544922,-51.76940155029297,4.842921257019043,43500
7.876272201538086,0.23581194877624512,0.009674787521362305,-2.1321823596954346,5.015625,353.5578308105469,0.8312819600105286,0.6080169677734375,-12.886739730834961,0.7658553719520569,0.8254504203796387,1.5388398170471191,0.296875,4.593225479125977,-0.9516154527664185,-9.94511604309082,0.24826189875602722,-14.023299217224121,-50.84138870239258,3.3123056888580322,43600
7.588863372802734,0.13810664415359497,0.01239900290966034,-1.985770583152771,5.06640625,302.6754455566406,0.3172937333583832,0.23760986328125,-13.580442428588867,0.8949615359306335,0.8204976916313171,1.6904765367507935,0.3046875,8.367748260498047,-0.8889057636260986,-7.566022872924805,0.22059285640716553,-16.08001708984375,-55.34164047241211,4.463252067565918,43700
8.882073402404785,0.21374334394931793,0.011276990175247192,-1.955033540725708,5.16015625,237.8056182861328,0.1891826093196869,0.05866366624832153,-11.120628356933594,0.5304521918296814,0.8387699127197266,1.208601474761963,0.28515625,12.413058280944824,-0.6746318340301514,-8.354864120483398,0.15327313542366028,-5.036418914794922,-40.726463317871094,2.703522205352783,43800
5.722611427307129,0.18653704226016998,0.01717686653137207,-1.2838754653930664,2.36328125,263.2817687988281,0.3614669442176819,0.028391778469085693,-11.12314224243164,0.5590210556983948,0.8044164776802063,1.4253185987472534,0.28515625,14.667434692382812,-0.8977919220924377,-21.96514892578125,0.019760530441999435,-5.385215759277344,-48.0556640625,4.651043891906738,43900
4.1014404296875,0.05680505186319351,0.0,-1.740017294883728,3.890625,151.31991577148438,-0.04504324495792389,-0.001988708972930908,-9.675559043884277,0.3748664855957031,0.7864200472831726,1.3455920219421387,0.23828125,13.432272911071777,-0.7742608189582825,-6.146553993225098,0.12495739758014679,-5.366366863250732,-41.61963653564453,3.6143531799316406,44000
6.102165222167969,0.09311817586421967,0.0075626373291015625,-2.1203980445861816,4.62109375,278.74560546875,0.17086261510849,-0.22627973556518555,-12.03013801574707,0.682051420211792,0.7756427526473999,1.3588840961456299,0.30078125,5.124876022338867,-0.7920953631401062,-7.3029985427856445,0.42375344038009644,-9.305778503417969,-53.042633056640625,2.245695114135742,44100
7.5312395095825195,0.19742688536643982,0.0446164608001709,-1.382509469985962,2.10546875,364.9365234375,-0.9699556231498718,0.15740597248077393,-13.17620849609375,0.8514862060546875,0.8282380104064941,1.6668909788131714,0.2890625,6.550640106201172,-1.0308692455291748,-26.662906646728516,1.176267385482788,-13.926974296569824,-56.029598236083984,4.994102954864502,44200
9.601024627685547,0.21303246915340424,0.013410091400146484,-2.565622329711914,6.1328125,298.7078857421875,-0.11068461835384369,0.3958702087402344,-12.561605453491211,0.8613594174385071,0.85418701171875,1.6869406700134277,0.328125,8.566306114196777,-0.912136435508728,-17.135652542114258,0.355210542678833,-14.931299209594727,-50.61698913574219,4.87460470199585,44300
8.506694793701172,0.24426311254501343,0.08655190467834473,-2.26784086227417,4.875,367.4151611328125,1.0309131145477295,0.13597965240478516,-12.7683687210083,0.8327623605728149,0.8592778444290161,1.7716412544250488,0.3125,3.173501968383789,-1.2063231468200684,-18.480205535888672,0.2088659554719925,-13.478178977966309,-52.402225494384766,4.031835079193115,44400
9.760797500610352,0.10808604955673218,0.07031618058681488,-2.147209882736206,4.921875,378.01434326171875,0.42362287640571594,0.7307300567626953,-13.943450927734375,0.9481604695320129,0.8723613619804382,1.753486156463623,0.36328125,8.642528533935547,-0.7584933042526245,-10.956170082092285,-0.010769825428724289,-14.47344970703125,-52.5546760559082,4.415629863739014,44500
11.176746368408203,0.3546968996524811,0.060521677136421204,-1.9098825454711914,4.40234375,397.53125,0.7450399398803711,0.0194716677069664,-12.879766464233398,0.8095085024833679,0.8789411783218384,1.4608752727508545,0.34375,8.50251579284668,-0.8537825345993042,-9.013530731201172,0.2908765971660614,-14.998395919799805,-51.76919937133789,3.0308940410614014,44600
8.547096252441406,0.29144927859306335,0.030087709426879883,-2.2454185485839844,5.13671875,354.35107421875,0.4539133310317993,0.584923267364502,-13.003581047058105,0.8271465301513672,0.8869125247001648,1.5396617650985718,0.3515625,6.978389263153076,-0.8619320392608643,-9.152202606201172,0.24682027101516724,-14.91257381439209,-53.532718658447266,3.7411956787109375,44700
6.021366596221924,0.1611710637807846,0.011820793151855469,-1.5693738460540771,3.546875,351.9922180175781,-0.2673107981681824,0.2305746078491211,-12.494028091430664,0.809596836566925,0.8672693371772766,1.979512095451355,0.28515625,9.776305198669434,-1.174696922302246,-13.156116485595703,0.2118426114320755,-17.784236907958984,-56.47907638549805,5.382833480834961,44800
11.633138656616211,0.44767242670059204,0.024322308599948883,-1.7941396236419678,4.625,341.33599853515625,0.4942833185195923,0.2152557373046875,-12.984297752380371,0.7990471720695496,0.8669597506523132,1.7114548683166504,0.30859375,9.587575912475586,-1.0103040933609009,-11.291894912719727,0.14869721233844757,-16.848804473876953,-48.915672302246094,4.271989822387695,44900
7.726922512054443,0.25233134627342224,0.012654781341552734,-2.294984817504883,6.390625,342.88525390625,0.14060884714126587,0.28502368927001953,-13.429265022277832,0.8982044458389282,0.8704934120178223,1.4366340637207031,0.3203125,7.805129051208496,-0.8193707466125488,-7.047397613525391,0.2505415081977844,-14.458000183105469,-50.65435791015625,3.2179031372070312,45000
7.409568786621094,0.4126841723918915,0.10065245628356934,-1.250814437866211,1.6171875,447.540283203125,0.11073548346757889,0.1385478973388672,-13.574947357177734,0.872972309589386,0.8679623007774353,1.737315058708191,0.29296875,6.857603073120117,-1.2085280418395996,-13.730598449707031,0.45439982414245605,-18.518966674804688,-57.177711486816406,5.191679954528809,45100
10.067051887512207,0.09930732101202011,0.06742548942565918,-2.019412040710449,4.4921875,267.64813232421875,-1.0174226760864258,-0.34079647064208984,-13.366621017456055,0.8826851844787598,0.8702703714370728,1.6996272802352905,0.3359375,8.115717887878418,-0.9712117314338684,-24.475372314453125,0.3845216631889343,-16.496374130249023,-57.02519226074219,5.422205448150635,45200
10.980997085571289,0.36537206172943115,0.07119560241699219,-2.0546681880950928,4.44921875,368.49273681640625,-0.5313676595687866,-0.3100614547729492,-13.067595481872559,0.8616057634353638,0.8582045435905457,1.6207627058029175,0.3203125,10.331148147583008,-1.0645103454589844,-14.816672325134277,0.5363491773605347,-17.17466926574707,-54.61070251464844,4.8886284828186035,45300
8.869119644165039,0.13250945508480072,0.03889016807079315,-2.102442741394043,5.20703125,326.2430725097656,-0.6218380928039551,-0.3290281295776367,-12.64787769317627,0.8079013228416443,0.8552879691123962,1.462592363357544,0.35546875,5.554333209991455,-0.8272323608398438,-14.593690872192383,0.4496186673641205,-17.026798248291016,-54.4847297668457,3.637150764465332,45400
7.133640766143799,0.1993270218372345,0.03661537170410156,-2.16178297996521,3.69921875,327.54339599609375,0.21147669851779938,0.1952533721923828,-13.342292785644531,0.8684091567993164,0.8482932448387146,1.4289052486419678,0.39453125,9.90093994140625,-0.7416895627975464,-6.8858795166015625,0.38973355293273926,-15.266002655029297,-51.62763977050781,3.258704423904419,45500
9.343055725097656,0.11235256493091583,0.005498163402080536,-2.51642107963562,5.46875,231.78652954101562,-0.8734830021858215,-0.5281782150268555,-12.423332214355469,0.7627850770950317,0.8402085304260254,1.529678463935852,0.3359375,6.005168914794922,-0.962357759475708,-9.727293014526367,0.2791415750980377,-13.547683715820312,-50.520870208740234,3.6908717155456543,45600
9.76032543182373,0.04583907872438431,0.019149407744407654,-2.0536038875579834,5.10546875,389.3329772949219,0.627240777015686,0.512394905090332,-13.28300952911377,0.8735658526420593,0.8413448333740234,1.4552195072174072,0.33203125,5.874550819396973,-0.8465404510498047,-13.182916641235352,0.4561466872692108,-16.50476837158203,-50.80951690673828,3.7003211975097656,45700
8.996707916259766,0.19745302200317383,0.03788211941719055,-2.108783721923828,4.8203125,228.0667724609375,-0.5394168496131897,-0.1881847381591797,-12.539848327636719,0.72542804479599,0.8434377908706665,1.4737200736999512,0.265625,11.13498306274414,-1.0513427257537842,-6.824180603027344,0.5478830337524414,-14.955718994140625,-49.80861282348633,2.928859233856201,45800
8.24548053741455,0.1063750609755516,0.061909131705760956,-2.050522565841675,4.6015625,300.11029052734375,-0.5690472722053528,0.1389164924621582,-12.40107536315918,0.7601400017738342,0.8380905389785767,1.3695272207260132,0.3125,6.354677200317383,-0.9471316337585449,-12.049848556518555,0.5874786972999573,-15.310466766357422,-51.78533172607422,2.8224968910217285,45900
6.15916633605957,0.3105526566505432,0.17903518676757812,-1.426762580871582,2.8828125,383.68743896484375,0.24945247173309326,0.024123042821884155,-12.677136421203613,0.8151761889457703,0.8396010398864746,1.4851843118667603,0.29296875,3.856660842895508,-1.0406274795532227,-12.280582427978516,0.22753310203552246,-17.613569259643555,-56.990501403808594,3.03952693939209,46000
12.131244659423828,0.2202138900756836,0.0331258624792099,-2.3554325103759766,5.3203125,281.2131652832031,-0.8990886211395264,-0.582585334777832,-13.473869323730469,0.8757607340812683,0.8438947796821594,1.5049779415130615,0.3359375,6.130512237548828,-0.7514628171920776,-9.026185989379883,0.6156870722770691,-16.68885040283203,-52.591644287109375,3.459294319152832,46100
6.235386848449707,0.24539536237716675,0.012119472026824951,-2.158428192138672,4.921875,379.71600341796875,0.8325464129447937,0.45935168862342834,-12.62755012512207,0.7420778870582581,0.8628334403038025,1.5525553226470947,0.3203125,8.097407341003418,-0.957920491695404,-6.713727951049805,0.6103289723396301,-16.449573516845703,-55.60686111450195,3.59879207611084,46200
7.699756622314453,0.07524879276752472,0.047888755798339844,-2.348322629928589,4.359375,297.869873046875,-0.4991344213485718,0.0022106170654296875,-12.445456504821777,0.7626391053199768,0.8427459597587585,1.4982225894927979,0.359375,9.007549285888672,-0.7580340504646301,-15.253143310546875,0.28571099042892456,-12.789907455444336,-52.97582244873047,4.3800506591796875,46300
11.238542556762695,0.19901061058044434,0.026060104370117188,-2.16483736038208,4.8828125,374.58770751953125,0.3564365804195404,0.27772998809814453,-12.034027099609375,0.7064597010612488,0.8253346681594849,1.6905103921890259,0.3125,5.438043594360352,-1.206612467765808,-41.48650360107422,0.17147406935691833,-14.873620986938477,-50.264984130859375,8.54993724822998,46400
7.322194576263428,0.04752933233976364,0.04513007402420044,-2.0577261447906494,4.76171875,370.27679443359375,0.36061134934425354,0.2647686004638672,-12.913169860839844,0.8287535905838013,0.8194946646690369,1.5561676025390625,0.3046875,7.116659164428711,-1.08562433719635,-17.763164520263672,0.7948871850967407,-17.15630340576172,-56.51543426513672,4.385866641998291,46500
7.109058380126953,0.4264028072357178,0.2295522689819336,-1.6271231174468994,3.5703125,369.786376953125,0.5868848562240601,0.37425994873046875,-13.16215705871582,0.8363887071609497,0.8405443429946899,1.580363154411316,0.29296875,9.907150268554688,-1.0528196096420288,-13.239583969116211,0.2616232931613922,-20.162559509277344,-57.95854949951172,4.01467227935791,46600
6.046508312225342,0.09010815620422363,0.12911701202392578,-1.9078104496002197,4.7734375,315.49749755859375,0.5550786852836609,0.15552330017089844,-12.766589164733887,0.8103654980659485,0.8438215255737305,1.69622802734375,0.29296875,13.16844367980957,-0.8176541328430176,-8.208669662475586,0.3871317207813263,-17.905353546142578,-58.07764434814453,4.486175060272217,46700
3.7785723209381104,0.10432960093021393,0.014631062746047974,-1.732980489730835,2.88671875,268.0839538574219,0.054665327072143555,0.020243868231773376,-12.794062614440918,0.7113866209983826,0.8401747941970825,1.3419097661972046,0.30078125,7.023687362670898,-0.9518556594848633,-7.660772323608398,0.13915248215198517,-16.3223934173584,-57.873329162597656,2.1579957008361816,46800
8.427875518798828,0.09224872291088104,0.0014176368713378906,-2.1803011894226074,5.01171875,310.6198425292969,0.17081820964813232,-0.0663604736328125,-12.109113693237305,0.723641574382782,0.8513811230659485,1.444090723991394,0.30859375,14.299545288085938,-0.7994520664215088,-18.476768493652344,0.33782052993774414,-17.09849739074707,-51.56986618041992,3.771669387817383,46900
9.553156852722168,0.18933822214603424,0.01793748140335083,-1.9583619832992554,4.41796875,407.765625,1.0111935138702393,0.6305398941040039,-12.814547538757324,0.7956865429878235,0.8445159792900085,1.5203274488449097,0.3125,13.770893096923828,-0.9544215202331543,-8.890161514282227,0.22533321380615234,-16.223621368408203,-58.91883087158203,4.199408054351807,47000
7.768468856811523,-0.003927662968635559,0.003631681203842163,-1.3541839122772217,2.3515625,431.41650390625,0.8297915458679199,0.20081710815429688,-12.957913398742676,0.7990172505378723,0.8457159399986267,1.6836097240447998,0.3203125,9.89590835571289,-1.130974292755127,-25.618844985961914,0.2642073631286621,-20.405542373657227,-57.43551254272461,5.722918510437012,47100
6.02225399017334,0.19428756833076477,0.042288005352020264,-1.7868584394454956,3.94140625,355.1757507324219,0.36748355627059937,-0.05023956298828125,-12.64175796508789,0.7948153614997864,0.85309237241745,1.3543857336044312,0.421875,5.438788890838623,-0.677486777305603,-14.781110763549805,0.22308427095413208,-15.635799407958984,-58.0070686340332,3.50498104095459,47200
6.948491096496582,0.2968297004699707,0.05297073721885681,-1.0656765699386597,1.3828125,458.724853515625,1.4298522472381592,0.6146507263183594,-13.051155090332031,0.7721185684204102,0.8439958691596985,1.6002624034881592,0.30078125,5.183570861816406,-1.1645710468292236,-18.584739685058594,1.7226694822311401,-18.31395721435547,-58.55720520019531,3.742281436920166,47300
8.66724967956543,0.3995461165904999,0.15136843919754028,-1.9469282627105713,4.58984375,357.49517822265625,0.6327798366546631,0.5955352783203125,-12.143354415893555,0.698773205280304,0.8401104807853699,1.4999797344207764,0.30078125,6.021999359130859,-1.104909896850586,-14.75963306427002,0.6907250285148621,-15.003786087036133,-51.3599967956543,4.370915412902832,47400
6.3228559494018555,0.1368640810251236,0.05707275867462158,-1.7379202842712402,4.71875,397.40301513671875,0.051059603691101074,0.1269388198852539,-12.77197551727295,0.7977914810180664,0.8430480360984802,1.513272762298584,0.3203125,4.0555925369262695,-1.0050983428955078,-20.61661720275879,0.29271721839904785,-17.38055419921875,-58.83578109741211,3.830986499786377,47500
9.934259414672852,0.16417334973812103,0.044353462755680084,-2.1834120750427246,4.96875,296.4137878417969,0.07666848599910736,-0.046173095703125,-12.26004695892334,0.7324944734573364,0.8328788876533508,1.495723009109497,0.359375,10.381349563598633,-0.8472461700439453,-16.12931251525879,0.40459004044532776,-18.58661460876465,-52.59973907470703,3.8082432746887207,47600
6.835422515869141,0.1691320389509201,0.015311241149902344,-1.962141752243042,5.7109375,339.91107177734375,0.3866752088069916,0.14542007446289062,-12.018732070922852,0.6771381497383118,0.825178325176239,1.436956763267517,0.328125,10.398860931396484,-0.8710421323776245,-23.605634689331055,0.3609500229358673,-11.574662208557129,-44.14872741699219,4.489584445953369,47700
8.381288528442383,0.10627218335866928,0.05700616538524628,-2.3091259002685547,6.35546875,261.44561767578125,0.18460682034492493,0.3471240997314453,-11.9478759765625,0.696006178855896,0.795224666595459,1.4773612022399902,0.35546875,7.367151260375977,-0.7955178022384644,-12.067106246948242,0.4630314111709595,-14.740962982177734,-50.23320007324219,3.5213723182678223,47800
7.912748336791992,0.09672114253044128,0.0535665825009346,-1.458096981048584,3.23828125,377.86700439453125,0.08277955651283264,0.004222869873046875,-13.259178161621094,0.8253847360610962,0.8188506960868835,1.5510127544403076,0.328125,9.016312599182129,-1.0222961902618408,-12.735280990600586,0.970504641532898,-17.695064544677734,-58.23148727416992,4.550907611846924,47900
8.710796356201172,0.14949800074100494,0.013063192367553711,-2.2963860034942627,4.69921875,252.53302001953125,-0.244469553232193,0.11414337158203125,-12.127973556518555,0.7098835110664368,0.8191855549812317,1.641566514968872,0.30859375,10.892333984375,-0.9796051979064941,-17.317102432250977,0.1308440864086151,-16.524139404296875,-52.86790084838867,4.381039619445801,48000
7.727560997009277,0.1137884333729744,0.014677941799163818,-2.135563373565674,3.96875,329.11676025390625,0.0343095064163208,-0.3439788818359375,-13.105606079101562,0.8311328887939453,0.83002108335495,1.5264716148376465,0.27734375,10.6504487991333,-1.0206056833267212,-38.27752685546875,0.32069435715675354,-17.694766998291016,-57.594093322753906,6.616793632507324,48100
6.878722667694092,-0.0051842182874679565,-0.00782080739736557,-2.1355462074279785,4.7734375,295.5205383300781,0.06247292459011078,-0.04266500473022461,-12.583580017089844,0.7689215540885925,0.8464962244033813,1.4151685237884521,0.34765625,4.971128463745117,-0.8162218332290649,-10.796958923339844,0.09899435937404633,-16.10175323486328,-52.38101577758789,3.156930923461914,48200
9.456588745117188,0.3690171539783478,0.01821419596672058,-2.2693188190460205,4.6484375,277.4044189453125,-0.817138671875,-0.06653785705566406,-13.150238990783691,0.8193177580833435,0.8500427603721619,1.3696746826171875,0.33984375,4.245194435119629,-0.8179429769515991,-12.508182525634766,-0.005542200058698654,-16.085895538330078,-51.747745513916016,2.9022865295410156,48300
8.157781600952148,0.24609696865081787,0.022197723388671875,-2.1911935806274414,5.4609375,351.88226318359375,0.5094284415245056,0.6255340576171875,-13.041733741760254,0.8257511258125305,0.8474225997924805,1.4212743043899536,0.33984375,6.197221755981445,-0.9166709184646606,-12.786319732666016,1.7493782043457031,-14.303712844848633,-52.33561706542969,3.1511712074279785,48400
9.253889083862305,0.28378015756607056,0.08289718627929688,-2.4983277320861816,5.55078125,320.4595947265625,0.7608673572540283,0.6135330200195312,-13.390420913696289,0.8479928374290466,0.8525514006614685,1.6525676250457764,0.31640625,15.775519371032715,-0.8910012245178223,-21.04170036315918,0.026665914803743362,-16.191617965698242,-58.293479919433594,6.210587978363037,48500
8.996172904968262,0.31176865100860596,0.03450387716293335,-1.955765724182129,5.22265625,329.94635009765625,0.6430181264877319,0.26198387145996094,-11.60021686553955,0.6377900242805481,0.8426006436347961,1.4188823699951172,0.31640625,6.902303695678711,-0.8717268109321594,-17.439088821411133,0.5281941294670105,-13.89898681640625,-58.29052734375,4.28110408782959,48600
5.332836151123047,0.19963693618774414,0.11936622858047485,-1.8711628913879395,5.03515625,322.5825500488281,-0.07448677718639374,-0.021619796752929688,-12.828486442565918,0.7797779440879822,0.8244778513908386,1.2964887619018555,0.3671875,4.5858612060546875,-0.6088739633560181,-6.833254814147949,0.20111490786075592,-16.02796173095703,-58.62641906738281,2.113797903060913,48700
7.983366012573242,0.16158708930015564,0.1287684440612793,-1.582040548324585,3.1171875,450.18359375,0.6528840065002441,0.5161170959472656,-14.80405044555664,1.0286945104599,0.8419888615608215,1.4514130353927612,0.3828125,4.59674072265625,-0.7005730867385864,-9.006721496582031,0.2565774619579315,-18.86151885986328,-58.59376907348633,3.49432373046875,48800
6.692784309387207,0.016008803620934486,0.005006667226552963,-2.135310649871826,4.73828125,357.8013916015625,0.45369452238082886,0.09589958190917969,-13.560884475708008,0.9112429022789001,0.8506165742874146,1.5236353874206543,0.29296875,3.7069644927978516,-1.0329923629760742,-17.95718765258789,0.4355848431587219,-14.789263725280762,-50.14380645751953,3.875260353088379,48900
12.587307929992676,0.498757928609848,0.12366890907287598,-2.1085071563720703,4.69140625,343.0730895996094,0.7473496794700623,0.2103137969970703,-12.264626502990723,0.7199432253837585,0.8450360298156738,1.5485599040985107,0.40234375,8.735169410705566,-0.623967170715332,-17.68836212158203,0.03974311798810959,-16.448970794677734,-51.287750244140625,5.159714698791504,49000
15.929150581359863,0.24303044378757477,0.16688823699951172,-2.046170234680176,4.41015625,403.120361328125,-0.3206755518913269,-0.009819746017456055,-13.435805320739746,0.8835016489028931,0.8586816191673279,1.6964445114135742,0.3203125,6.443112373352051,-0.9975125789642334,-22.76104164123535,0.3642769455909729,-18.061843872070312,-54.02579879760742,6.115118980407715,49100
8.743535995483398,0.2650699019432068,0.02863311767578125,-2.0342559814453125,5.4609375,341.65081787109375,0.4123803973197937,0.18275301158428192,-12.193363189697266,0.7073987126350403,0.8263959288597107,1.4519025087356567,0.33984375,12.29473876953125,-0.8475958704948425,-17.077880859375,0.04955668747425079,-14.96855354309082,-55.85497283935547,3.9836249351501465,49200
9.430346488952637,0.26934847235679626,0.03889140486717224,-1.8956661224365234,4.2109375,362.2761535644531,-0.08683755248785019,0.14661407470703125,-13.592181205749512,0.8988271951675415,0.834232747554779,1.559548020362854,0.40234375,8.295907974243164,-0.7159067392349243,-9.433037757873535,0.25393882393836975,-18.65754508972168,-53.42285919189453,4.355060577392578,49300
9.800209045410156,0.06457310914993286,0.000433310866355896,-1.4244158267974854,2.6328125,398.1007995605469,0.21351425349712372,0.08858966827392578,-13.151012420654297,0.8369423151016235,0.829664409160614,1.6582026481628418,0.32421875,9.273200988769531,-0.940413236618042,-12.782646179199219,0.39848950505256653,-18.703617095947266,-59.039302825927734,5.380334854125977,49400
8.490371704101562,-0.016201641410589218,0.020859241485595703,-2.3513998985290527,5.76953125,309.2768249511719,-0.1703779399394989,0.12419319152832031,-13.134895324707031,0.8715493083000183,0.8413538336753845,1.5063602924346924,0.3203125,7.06119441986084,-0.8519554138183594,-17.781005859375,0.21005836129188538,-15.570133209228516,-50.69340896606445,4.941326141357422,49500
7.215167045593262,0.32030320167541504,0.02799627184867859,-2.225040912628174,4.7578125,367.3558349609375,1.0956507921218872,0.47858715057373047,-13.265110969543457,0.8230829238891602,0.8377951979637146,1.2595336437225342,0.37109375,5.251289367675781,-0.6929143667221069,-7.477024078369141,0.08361725509166718,-17.200355529785156,-56.229434967041016,2.9620237350463867,49600
5.839388847351074,-0.006336100399494171,0.004973888397216797,-2.2937307357788086,6.15234375,298.85198974609375,0.38616541028022766,0.13235855102539062,-13.205413818359375,0.8570467829704285,0.8465093970298767,1.4759347438812256,0.328125,4.547167778015137,-1.0241472721099854,-18.741756439208984,0.391361802816391,-15.477838516235352,-58.19860076904297,3.656665325164795,49700
10.85491943359375,0.5207585096359253,0.14445072412490845,-2.1955924034118652,4.265625,332.8277893066406,0.5975393056869507,0.3963775634765625,-12.7361478805542,0.7789068222045898,0.8343467712402344,1.3824257850646973,0.34375,7.923157691955566,-0.8803598880767822,-5.897253036499023,0.013893455266952515,-16.869592666625977,-52.50691223144531,3.0685157775878906,49800
8.864871978759766,0.1491990089416504,0.006591491401195526,-2.275559186935425,6.171875,297.01617431640625,0.5654014348983765,0.05346965789794922,-13.014289855957031,0.8026152849197388,0.8357974886894226,1.4928176403045654,0.3515625,4.728768348693848,-0.9133328199386597,-13.01430892944336,0.12216299772262573,-17.49675750732422,-53.61212158203125,4.018988609313965,49900
7.025600910186768,0.10683496296405792,-0.019856274127960205,-2.1652004718780518,4.91796875,298.9093017578125,0.1959020495414734,0.2781810760498047,-12.070392608642578,0.6934423446655273,0.8335447311401367,1.3297996520996094,0.31640625,6.462069988250732,-0.7627946138381958,-5.791596412658691,0.1395321637392044,-16.75582504272461,-53.77646255493164,2.5721065998077393,50000
8.577746391296387,0.05232049524784088,0.020489603281021118,-1.9936121702194214,3.9921875,345.13555908203125,0.06395849585533142,0.03007984161376953,-12.972365379333496,0.7985274195671082,0.830103874206543,1.5026111602783203,0.3359375,4.837188720703125,-0.9351118803024292,-12.656778335571289,0.15967288613319397,-16.123828887939453,-60.24174118041992,3.5152699947357178,50100
10.237860679626465,0.30720144510269165,0.020306214690208435,-2.2511634826660156,5.828125,262.46270751953125,-0.9938147664070129,-0.33701419830322266,-13.000744819641113,0.817969024181366,0.8285775184631348,1.3467724323272705,0.359375,5.018804550170898,-0.7132135033607483,-11.602737426757812,0.30756545066833496,-16.07407569885254,-58.14496994018555,3.6369519233703613,50200
9.804469108581543,0.09488563984632492,0.016013622283935547,-2.1204020977020264,4.140625,351.5618591308594,-0.19567394256591797,-0.3299131393432617,-12.718372344970703,0.7848102450370789,0.8332616686820984,1.4648816585540771,0.3515625,6.6208038330078125,-0.7638582587242126,-10.901876449584961,0.4914894700050354,-17.06275177001953,-52.9639892578125,4.064948558807373,50300
7.250348091125488,0.45925217866897583,0.09321355819702148,-2.249511241912842,5.62109375,279.043701171875,0.10785594582557678,0.053035736083984375,-12.30675220489502,0.7265409827232361,0.8260511755943298,1.4977290630340576,0.359375,8.23577880859375,-0.8273983597755432,-8.645885467529297,0.1396280825138092,-18.588674545288086,-60.61774826049805,4.065305709838867,50400
8.291927337646484,0.10280020534992218,-0.004341724328696728,-2.1553783416748047,5.40234375,271.44427490234375,0.21410667896270752,0.0890655517578125,-12.484583854675293,0.7545270323753357,0.8183709979057312,1.5904693603515625,0.34375,9.282231330871582,-0.9050116539001465,-8.50335693359375,0.42507699131965637,-18.932819366455078,-53.22007751464844,3.977612018585205,50500
9.582115173339844,0.2645479738712311,0.08130723237991333,-1.397485613822937,2.53515625,326.2062683105469,0.18088185787200928,0.1400141716003418,-13.115325927734375,0.8025949597358704,0.8125807046890259,1.356758713722229,0.33984375,6.907118320465088,-0.883813738822937,-12.367728233337402,0.077715665102005,-19.637922286987305,-61.43378829956055,3.4182064533233643,50600
12.568297386169434,0.44791579246520996,0.028485342860221863,-1.7561821937561035,4.18359375,451.9710693359375,0.2941474914550781,0.3765859603881836,-13.71733283996582,0.899013340473175,0.829380214214325,1.6629208326339722,0.30859375,9.83816146850586,-0.9674556255340576,-31.85137176513672,1.4707942008972168,-15.750836372375488,-59.04169464111328,7.704368591308594,50700
6.532832622528076,0.24818654358386993,0.03590597212314606,-2.0933430194854736,5.0234375,343.5315246582031,-0.8450384736061096,-0.08329597115516663,-13.185569763183594,0.8075950741767883,0.8388523459434509,1.4211604595184326,0.3515625,4.527300834655762,-0.8035989999771118,-10.43751049041748,0.31107646226882935,-14.664741516113281,-58.372310638427734,3.7772459983825684,50800
6.671072006225586,0.3764515519142151,0.06150577962398529,-2.0510058403015137,4.4375,344.04052734375,-0.4215744733810425,-0.06710243225097656,-12.571407318115234,0.7452027201652527,0.8448057174682617,1.3652513027191162,0.34375,5.950157165527344,-0.8665323257446289,-7.27442741394043,0.16034916043281555,-15.178916931152344,-60.029598236083984,2.8356399536132812,50900
7.543451309204102,0.39131295680999756,0.07124614715576172,-1.293468952178955,2.58203125,352.2400817871094,0.062442876398563385,-0.09567749500274658,-13.136049270629883,0.7664884924888611,0.8404648900032043,1.2971593141555786,0.3125,5.512446403503418,-0.815682590007782,-5.58491849899292,0.3799417316913605,-15.71299934387207,-59.810115814208984,2.3221895694732666,51000
9.712587356567383,0.041567813605070114,0.01594303548336029,-2.3032917976379395,5.0703125,335.3599853515625,0.24506181478500366,0.20333647727966309,-12.833033561706543,0.7783948183059692,0.8396453857421875,1.4466907978057861,0.40625,7.139759063720703,-0.5428740978240967,-11.526405334472656,0.1580066978931427,-17.687667846679688,-58.96017837524414,4.932106971740723,51100
7.906170845031738,0.37847599387168884,0.05677461624145508,-2.1241440773010254,5.4296875,350.19525146484375,0.49157118797302246,0.2266102433204651,-12.761150360107422,0.7800042033195496,0.8487847447395325,1.4230964183807373,0.3671875,10.824297904968262,-0.7021864652633667,-11.870322227478027,0.3334183692932129,-13.899855613708496,-60.62248992919922,3.8381285667419434,51200
8.062058448791504,0.20346958935260773,0.010901317000389099,-2.105954647064209,5.0703125,359.74298095703125,0.21282505989074707,0.07502079010009766,-12.766860008239746,0.7687933444976807,0.8206003308296204,1.2277663946151733,0.33203125,5.597507476806641,-0.7671257257461548,-19.441837310791016,0.10348894447088242,-16.30927276611328,-56.2740478515625,2.71073055267334,51300
8.759235382080078,0.3614429831504822,0.09098327159881592,-1.8401246070861816,4.42578125,341.31793212890625,-0.6036747694015503,-0.1283111572265625,-12.912389755249023,0.7571820020675659,0.8220882415771484,1.3192644119262695,0.375,13.430213928222656,-0.7523026466369629,-16.85550880432129,0.4642326533794403,-15.614350318908691,-61.643882751464844,5.169558525085449,51400
7.911624908447266,0.26606500148773193,0.015552859753370285,-1.990248203277588,4.9921875,315.1585388183594,0.29157403111457825,0.4677886962890625,-13.505350112915039,0.8587703108787537,0.8007265329360962,1.5292154550552368,0.328125,22.96607780456543,-0.7594711780548096,-9.379830360412598,0.5518457889556885,-17.76276206970215,-59.72833251953125,6.569726943969727,51500
9.03546142578125,0.3468863368034363,0.13203763961791992,-2.0333847999572754,4.234375,361.0230712890625,0.42235100269317627,0.6239509582519531,-13.267961502075195,0.8713197708129883,0.8347968459129333,1.2574183940887451,0.3515625,8.689146041870117,-0.7276785373687744,-5.693811416625977,0.1922527253627777,-14.310213088989258,-59.27562713623047,2.485506296157837,51600
7.6624016761779785,0.1128329411149025,0.002096552401781082,-2.0645792484283447,5.4453125,296.2692565917969,0.5151586532592773,0.10240575671195984,-12.382895469665527,0.7561044096946716,0.840214192867279,1.4277313947677612,0.37890625,11.912213325500488,-0.8139934539794922,-11.380575180053711,0.4283909797668457,-15.878878593444824,-59.444271087646484,3.654201030731201,51700
9.455602645874023,0.3729109764099121,0.01284635066986084,-2.1114039421081543,5.27734375,295.4085388183594,-0.2802741229534149,-0.07021903991699219,-12.219291687011719,0.7040891647338867,0.8262719511985779,1.498277187347412,0.34765625,5.470521450042725,-0.9316602349281311,-28.614728927612305,-0.06613542139530182,-15.34178638458252,-53.17746353149414,4.645596504211426,51800
8.269691467285156,0.2683171033859253,0.05324718356132507,-1.80625581741333,3.4375,377.26434326171875,0.5873964428901672,0.45744872093200684,-12.572333335876465,0.7432765364646912,0.8378046154975891,1.437321662902832,0.2890625,11.959918022155762,-0.8644888997077942,-11.067431449890137,0.1260141134262085,-15.225748062133789,-63.1313362121582,4.128044128417969,51900
8.139806747436523,0.09668383002281189,0.0,-1.7962579727172852,3.5234375,301.678466796875,-0.04171004891395569,0.0,-13.001197814941406,0.759890615940094,0.8270454406738281,1.2641832828521729,0.3359375,5.962303161621094,-0.8216530084609985,-8.536678314208984,0.34055203199386597,-14.019023895263672,-46.741207122802734,2.5718727111816406,52000
9.25537395477295,-0.11338003724813461,0.04145723581314087,-2.007870674133301,4.953125,339.318359375,0.2909580171108246,-0.1392803192138672,-12.284036636352539,0.7386625409126282,0.8317157626152039,1.2198234796524048,0.421875,7.643819808959961,-0.5499751567840576,-8.656754493713379,0.335059255361557,-17.422548294067383,-59.68097686767578,3.124497413635254,52100
10.000932693481445,0.1803509145975113,0.017258167266845703,-2.4688334465026855,4.984375,267.94940185546875,-0.8061157464981079,-0.7151584625244141,-12.587258338928223,0.805442750453949,0.8263102769851685,1.2819228172302246,0.34765625,8.188859939575195,-0.7317317724227905,-12.689593315124512,0.4908263385295868,-16.0908260345459,-54.29218292236328,2.7896533012390137,52200
9.496383666992188,0.014347296208143234,0.033765316009521484,-2.1409082412719727,4.734375,332.31988525390625,-0.19521813094615936,0.21308231353759766,-12.389802932739258,0.7502068877220154,0.8207624554634094,1.5771844387054443,0.35546875,7.4796342849731445,-0.8326263427734375,-12.814556121826172,0.09440875053405762,-17.099063873291016,-61.39711380004883,3.8919267654418945,52300
10.031126022338867,0.07631440460681915,0.014168858528137207,-2.535244941711426,5.796875,223.99673461914062,-0.4529303312301636,-0.1252395063638687,-12.852968215942383,0.7588102221488953,0.829746663570404,1.5572586059570312,0.30859375,9.626566886901855,-0.9681464433670044,-16.884044647216797,0.22271229326725006,-13.739274978637695,-61.31489181518555,4.496279239654541,52400
11.948633193969727,0.00147353857755661,0.0026950836181640625,-2.1659045219421387,5.23828125,275.6706848144531,0.11687231063842773,-0.017123699188232422,-12.574113845825195,0.7520039081573486,0.8261532187461853,1.3843077421188354,0.390625,5.271066665649414,-0.8273205161094666,-8.267740249633789,0.2754195034503937,-13.582369804382324,-61.20792007446289,3.339165210723877,52500
10.692855834960938,0.08193207532167435,0.014047637581825256,-2.0632410049438477,5.40625,278.0848693847656,-0.2685091495513916,-0.13645172119140625,-12.644999504089355,0.8030290603637695,0.8265019655227661,1.6297656297683716,0.35546875,9.396255493164062,-0.9138422012329102,-11.530832290649414,0.3504095673561096,-19.641983032226562,-54.77933883666992,4.050536155700684,52600
10.333001136779785,0.2369830161333084,0.05965813249349594,-1.5868632793426514,3.140625,386.12274169921875,0.339721143245697,-0.014257818460464478,-13.0454683303833,0.8457800149917603,0.8392546772956848,1.3189339637756348,0.390625,4.770791053771973,-0.73186856508255,-16.208290100097656,0.08405482769012451,-18.772216796875,-60.7646598815918,3.2237253189086914,52700
7.672247886657715,0.05417284369468689,0.008333928883075714,-2.1169378757476807,4.84765625,349.3333740234375,0.3373093008995056,0.1692638397216797,-12.235406875610352,0.7215189933776855,0.8417035341262817,1.4517046213150024,0.3203125,6.232840061187744,-1.0111408233642578,-16.02724838256836,0.19002526998519897,-14.013134002685547,-59.60639953613281,3.6558785438537598,52800
10.691179275512695,0.04825635999441147,0.012651368975639343,-2.089756727218628,4.50390625,324.9644775390625,0.32430487871170044,0.48960113525390625,-12.423685073852539,0.7364743947982788,0.8328936696052551,1.4099493026733398,0.32421875,7.25428581237793,-0.8357135057449341,-14.828689575195312,1.1743155717849731,-18.37078094482422,-57.945899963378906,4.011350631713867,52900
8.236011505126953,0.1493559330701828,0.019068241119384766,-2.2063112258911133,4.97265625,318.9247131347656,-0.3590477705001831,-0.22937297821044922,-12.852851867675781,0.8337348103523254,0.8213163614273071,1.416536569595337,0.328125,4.59002685546875,-0.917194128036499,-8.899837493896484,-0.11731454730033875,-17.624099731445312,-48.735923767089844,2.9287161827087402,53000
5.274726867675781,0.10767138004302979,0.02751115709543228,-1.3958381414413452,2.71484375,358.7574462890625,0.2190345972776413,0.043237537145614624,-12.099462509155273,0.6705603003501892,0.8396900296211243,1.5136818885803223,0.29296875,23.1717586517334,-0.9908906817436218,-22.21038055419922,0.3863498568534851,-17.724159240722656,-60.51327133178711,6.638854026794434,53100
8.151275634765625,0.41206246614456177,0.018934011459350586,-2.2241811752319336,5.2734375,305.73260498046875,0.015564963221549988,0.41504859924316406,-12.311692237854004,0.7146477103233337,0.8331092000007629,1.0899014472961426,0.38671875,6.729404449462891,-0.4859965443611145,-7.929225921630859,0.19604185223579407,-14.184503555297852,-55.54520797729492,2.847412109375,53200
9.256392478942871,0.12164196372032166,0.08206558227539062,-2.029510021209717,4.13671875,304.75531005859375,-0.0902881920337677,0.18013811111450195,-12.398409843444824,0.7203518748283386,0.818426787853241,1.4413819313049316,0.3828125,7.170942306518555,-0.7963447570800781,-21.593189239501953,0.26508837938308716,-15.230770111083984,-62.39352798461914,4.164533615112305,53300
9.495914459228516,0.23402979969978333,0.06565780937671661,-2.2749099731445312,5.30859375,341.1209411621094,0.5920119285583496,0.2873659133911133,-12.993927001953125,0.8240647315979004,0.8352441787719727,1.473932147026062,0.34375,4.599836349487305,-0.8824872970581055,-20.4106388092041,0.37819617986679077,-15.883856773376465,-62.32563400268555,3.741349458694458,53400
11.225539207458496,0.21389636397361755,0.018773138523101807,-1.9974405765533447,4.45703125,354.3830871582031,-0.1228785514831543,0.21175765991210938,-13.00149917602539,0.8203015327453613,0.8332847952842712,1.576368808746338,0.3359375,9.385570526123047,-0.890213668346405,-15.923206329345703,0.2183043509721756,-19.12372589111328,-56.85305404663086,4.403414726257324,53500
7.534035682678223,0.16366080939769745,0.01968860626220703,-2.309821844100952,4.828125,265.16253662109375,0.01697370409965515,0.4684286117553711,-12.244912147521973,0.6954023241996765,0.8244404196739197,1.3271396160125732,0.328125,4.8736572265625,-0.8046925067901611,-6.837851047515869,0.3163163959980011,-16.042949676513672,-52.911094665527344,2.523806095123291,53600
9.279682159423828,0.044599749147892,0.008893251419067383,-2.4542431831359863,5.72265625,311.97186279296875,0.2399471402168274,0.6371364593505859,-12.204948425292969,0.6880708932876587,0.8304446339607239,1.3033227920532227,0.34765625,8.552985191345215,-0.6861053705215454,-14.623655319213867,0.3189336061477661,-17.01633071899414,-54.03871154785156,3.359177589416504,53700
5.399776935577393,0.24638670682907104,0.02107703685760498,-2.0446367263793945,4.70703125,319.15521240234375,0.08445075154304504,0.5607438087463379,-11.969782829284668,0.6556648015975952,0.8064565658569336,1.463602066040039,0.36328125,9.855186462402344,-0.7502944469451904,-8.232011795043945,0.08977801352739334,-17.24254608154297,-59.358612060546875,3.367825984954834,53800
6.753643989562988,0.24127799272537231,0.008822739124298096,-1.349115014076233,2.3515625,349.27166748046875,0.009337261319160461,0.08290258049964905,-13.390070915222168,0.8753229379653931,0.8131008148193359,1.442931890487671,0.296875,6.190822601318359,-1.0016896724700928,-15.55775260925293,1.3905389308929443,-19.55954360961914,-62.62080383300781,3.745375156402588,53900
7.645695209503174,-0.015553917735815048,0.019429385662078857,-2.251373767852783,5.41015625,383.3223876953125,0.9753749966621399,0.32394886016845703,-12.966163635253906,0.8165001273155212,0.8330832719802856,1.451503038406372,0.34375,4.912846565246582,-0.8053140640258789,-12.711662292480469,0.33333125710487366,-19.155366897583008,-56.186241149902344,3.898359537124634,54000
8.74047565460205,0.15294994413852692,0.06862306594848633,-2.3431077003479004,5.3359375,348.8689270019531,-0.09575772285461426,0.035424232482910156,-12.812945365905762,0.8025890588760376,0.841460645198822,1.724581241607666,0.3046875,5.744908332824707,-0.9259273409843445,-23.92681121826172,0.24164578318595886,-19.2491455078125,-50.866416931152344,5.0184502601623535,54100
8.297473907470703,0.29851436614990234,0.034398287534713745,-2.1829493045806885,5.09375,288.2153625488281,0.34329307079315186,-0.022241592407226562,-12.298881530761719,0.7216808795928955,0.8371697664260864,1.4465538263320923,0.35546875,7.222475528717041,-0.7899836301803589,-11.776756286621094,0.24188275635242462,-17.077842712402344,-62.9983024597168,3.461902618408203,54200
10.998889923095703,0.4457300007343292,0.10509872436523438,-2.1825180053710938,4.55859375,335.50445556640625,0.07489640265703201,0.17758464813232422,-12.603086471557617,0.7599971890449524,0.8245149850845337,1.36971116065979,0.39453125,3.808511257171631,-0.7043846845626831,-6.7798309326171875,0.401284396648407,-16.374488830566406,-62.29721450805664,2.6483354568481445,54300
8.275157928466797,0.3115715980529785,0.0366668701171875,-2.263479709625244,4.20703125,350.0347900390625,0.24953477084636688,0.0924978256225586,-12.177078247070312,0.7037176489830017,0.8310039639472961,1.4688211679458618,0.37890625,12.875101089477539,-0.7397466897964478,-17.20566177368164,0.11099126935005188,-19.834671020507812,-55.170066833496094,6.4481000900268555,54400
7.763566017150879,0.05043714493513107,0.015417739748954773,-1.3897305727005005,3.33203125,421.12841796875,0.3600788116455078,0.7008180618286133,-12.771539688110352,0.7797122001647949,0.8184966444969177,1.6097767353057861,0.3515625,6.292572021484375,-0.9113750457763672,-12.998321533203125,0.2763170003890991,-19.36418342590332,-60.8786735534668,4.105034828186035,54500
11.433692932128906,0.33359402418136597,0.026154160499572754,-2.0985677242279053,4.109375,286.98553466796875,0.09335476905107498,-0.19866108894348145,-12.323861122131348,0.7143177390098572,0.8177933692932129,1.4236888885498047,0.328125,5.945720672607422,-0.9078913927078247,-8.048749923706055,0.18333888053894043,-17.10256576538086,-59.69160842895508,3.0298943519592285,54600
9.952413558959961,0.3867456912994385,0.08631420135498047,-1.998375415802002,4.99609375,362.8230895996094,0.33141496777534485,0.04030728340148926,-12.053231239318848,0.6886531710624695,0.8136038184165955,1.3320335149765015,0.37109375,6.6124091148376465,-0.6511639356613159,-8.703651428222656,0.7905640006065369,-18.108800888061523,-61.46009063720703,2.6582536697387695,54700
6.605644226074219,0.24604153633117676,0.05105384439229965,-1.576438307762146,2.82421875,375.9809265136719,0.66469407081604,0.5264708399772644,-12.725814819335938,0.7441975474357605,0.8221440315246582,1.6055998802185059,0.36328125,10.30704116821289,-1.0541807413101196,-38.61884307861328,0.6718202233314514,-16.50661849975586,-63.62171173095703,7.602774620056152,54800
4.135137557983398,0.2110317498445511,0.005227386951446533,-1.0413745641708374,1.87109375,370.584228515625,-0.025124430656433105,0.1738414764404297,-13.04450798034668,0.8213781714439392,0.8252750635147095,1.5663199424743652,0.32421875,26.048786163330078,-0.7866944074630737,-10.23192024230957,2.2065842151641846,-18.481224060058594,-61.845848083496094,7.345211029052734,54900
9.530485153198242,0.1218302994966507,0.014248006045818329,-2.300386905670166,5.53515625,298.8669128417969,-0.35526803135871887,0.07565640658140182,-12.081646919250488,0.6846560835838318,0.8266021609306335,1.5099655389785767,0.3515625,7.8525390625,-0.7601808309555054,-20.083877563476562,0.19064131379127502,-16.797569274902344,-53.03826904296875,5.073246002197266,55000
5.990809440612793,-0.10046710819005966,0.019805818796157837,-2.174130439758301,5.26953125,309.8704833984375,0.11680985242128372,0.03108978271484375,-12.26174545288086,0.7245041131973267,0.8187411427497864,1.3445587158203125,0.3359375,3.604734420776367,-0.8984494209289551,-6.738946914672852,0.24360495805740356,-16.792762756347656,-56.71110916137695,2.199215888977051,55100
7.735939025878906,-0.05683186277747154,0.00218963623046875,-2.046769857406616,5.796875,322.04595947265625,0.4854476749897003,0.4334239959716797,-12.527429580688477,0.7185108065605164,0.8067986369132996,1.4052481651306152,0.32421875,5.725008010864258,-0.9576274752616882,-9.78225326538086,0.26662397384643555,-16.080163955688477,-54.6616096496582,2.8819451332092285,55200
10.250760078430176,0.37731748819351196,0.07751178741455078,-1.865922212600708,4.37109375,368.170166015625,0.481708824634552,0.3260793685913086,-12.573624610900879,0.7387538552284241,0.8107337951660156,1.5317142009735107,0.38671875,15.566730499267578,-0.6106883883476257,-7.079555511474609,0.36903223395347595,-16.27495002746582,-53.11287307739258,5.487381458282471,55300
7.9625563621521,0.19720789790153503,0.04041446000337601,-1.588012456893921,2.46875,346.8270568847656,-0.27618128061294556,0.062152862548828125,-12.535463333129883,0.7181412577629089,0.8103941082954407,1.4214284420013428,0.3515625,7.6516876220703125,-0.8716005682945251,-9.423377990722656,0.3729811906814575,-16.940412521362305,-63.035011291503906,2.910482406616211,55400
8.645661354064941,0.13943302631378174,0.033486515283584595,-2.327451467514038,5.69140625,312.6806640625,-0.4551602005958557,-0.03374195098876953,-12.720733642578125,0.7648590207099915,0.8161554336547852,1.3294193744659424,0.30859375,5.244765758514404,-0.836853563785553,-8.108356475830078,0.47609058022499084,-16.65169334411621,-49.587459564208984,2.9238104820251465,55500
8.647247314453125,0.23068265616893768,0.0337066650390625,-2.15484619140625,4.75390625,357.88018798828125,0.4860537052154541,0.17813682556152344,-12.623973846435547,0.7775385975837708,0.8215427398681641,1.2170219421386719,0.37890625,6.124618053436279,-0.6937211155891418,-10.349929809570312,0.11622309684753418,-16.496002197265625,-62.45838928222656,3.215582847595215,55600
7.651917457580566,-0.04670409858226776,0.0,-1.9349706172943115,3.89453125,346.4759521484375,-0.5431613922119141,0.0,-12.76241683959961,0.7703019380569458,0.8321181535720825,1.5607205629348755,0.33984375,7.1593122482299805,-0.824855625629425,-12.957122802734375,0.07050419598817825,-16.97207260131836,-58.59409713745117,3.7090606689453125,55700
8.599811553955078,0.21180012822151184,0.07236576080322266,-2.2189526557922363,5.8515625,291.13348388671875,0.1962103247642517,-0.20425987243652344,-12.160896301269531,0.6827676296234131,0.8250591158866882,1.5205357074737549,0.453125,6.889829158782959,-0.6547682285308838,-9.716421127319336,0.20607738196849823,-14.379709243774414,-58.03498077392578,3.7783586978912354,55800
11.114110946655273,0.043713588267564774,0.0032508373260498047,-2.3558216094970703,6.54296875,309.9609680175781,0.5550456643104553,0.3912334442138672,-12.299545288085938,0.7361558675765991,0.8385254740715027,1.5983657836914062,0.296875,6.737476348876953,-1.0465667247772217,-23.866029739379883,-0.24797913432121277,-17.35641860961914,-51.60798263549805,4.61086893081665,55900
10.587552070617676,0.32177430391311646,0.020333439111709595,-2.259033679962158,5.08203125,350.16387939453125,0.3325619101524353,0.25476598739624023,-12.154361724853516,0.6699206233024597,0.818228542804718,1.4946491718292236,0.3359375,9.506542205810547,-0.7713141441345215,-9.545999526977539,0.3652615547180176,-15.484081268310547,-53.91779327392578,4.4974775314331055,56000
6.169526100158691,0.25710687041282654,0.05735623836517334,-1.8923860788345337,4.515625,288.773681640625,0.12578770518302917,0.09121227264404297,-11.85309886932373,0.6484086513519287,0.8066371083259583,1.2794076204299927,0.33203125,5.213829040527344,-0.7427290081977844,-10.465555191040039,0.06226165592670441,-14.038089752197266,-61.0065803527832,2.3878819942474365,56100
7.584309101104736,0.19090557098388672,0.03088720142841339,-2.217134952545166,4.609375,347.2054138183594,0.41768500208854675,0.12088584899902344,-12.545801162719727,0.726051926612854,0.8010936975479126,1.4386638402938843,0.35546875,7.70298433303833,-0.7872047424316406,-14.22238826751709,0.18705788254737854,-16.069040298461914,-51.366539001464844,3.89115834236145,56200
8.416532516479492,0.4696301817893982,0.26511090993881226,-1.3084614276885986,2.1875,307.4427185058594,-1.4149360656738281,-0.7338638305664062,-12.076620101928711,0.6979820132255554,0.8129035234451294,1.548811912536621,0.33203125,9.116238594055176,-1.0374963283538818,-19.337074279785156,0.4981708228588104,-19.20322036743164,-65.0496597290039,4.161358833312988,56300
5.7664618492126465,0.13038383424282074,0.032700315117836,-1.3366721868515015,2.55859375,365.62841796875,-1.071986436843872,-0.061530113220214844,-12.627653121948242,0.7736628651618958,0.8110391497612,1.4969879388809204,0.34375,3.3890438079833984,-1.0728123188018799,-17.897977828979492,0.22594213485717773,-17.770004272460938,-62.64002227783203,4.179177284240723,56400
7.8638410568237305,0.18041017651557922,0.030478686094284058,-2.241926670074463,5.2734375,279.20404052734375,-0.28684183955192566,0.07640457153320312,-12.34411907196045,0.7146605253219604,0.8193511366844177,1.4930498600006104,0.30078125,10.769328117370605,-1.0576350688934326,-17.551843643188477,0.6711421012878418,-15.503070831298828,-61.774112701416016,3.644822835922241,56500
6.50252628326416,0.12837038934230804,0.011559084057807922,-1.8726439476013184,3.92578125,326.01300048828125,-0.34704190492630005,-0.30268383026123047,-11.989080429077148,0.6564066410064697,0.8185775876045227,1.4363467693328857,0.34765625,5.3530659675598145,-0.9722394943237305,-9.736066818237305,0.10725633054971695,-16.3904972076416,-60.45246505737305,2.8489441871643066,56600
8.832091331481934,0.3789942264556885,0.06151873618364334,-2.058215618133545,4.15234375,320.119873046875,-0.39040112495422363,0.3095588684082031,-12.427671432495117,0.7166834473609924,0.822157084941864,1.5065563917160034,0.33984375,4.483471870422363,-0.93915855884552,-11.014394760131836,0.1124437227845192,-18.283082962036133,-53.8670768737793,3.4890644550323486,56700
8.450399398803711,-0.10160171985626221,0.03818288445472717,-2.4839365482330322,4.76171875,347.4328918457031,0.3217853903770447,0.13848114013671875,-12.496091842651367,0.7573124766349792,0.8167031407356262,1.5170314311981201,0.40625,4.224195957183838,-0.6201244592666626,-8.79860782623291,0.3586781322956085,-18.319183349609375,-63.96133041381836,4.598229885101318,56800
6.350852966308594,0.16810674965381622,0.016674280166625977,-1.5133140087127686,2.56640625,477.74896240234375,0.8377695679664612,0.9293022155761719,-12.761470794677734,0.7757691740989685,0.815480649471283,1.5721540451049805,0.32421875,6.0995612144470215,-1.0342551469802856,-14.035518646240234,1.3039394617080688,-17.790176391601562,-63.436424255371094,3.7702829837799072,56900
8.623923301696777,0.452665239572525,0.12429952621459961,-2.2360188961029053,5.44921875,298.08929443359375,-0.31566452980041504,0.10286331176757812,-12.517786026000977,0.7421369552612305,0.8020530939102173,1.388723611831665,0.3125,6.133261680603027,-0.8894641995429993,-14.81985092163086,0.42587584257125854,-15.168333053588867,-65.03921508789062,3.880866289138794,57000
15.983039855957031,0.30079227685928345,0.048088088631629944,-1.9516927003860474,4.375,430.6776123046875,0.9593433141708374,0.5035114288330078,-13.46821117401123,0.8540620803833008,0.8134204745292664,1.6160447597503662,0.33984375,10.939891815185547,-0.9965088367462158,-18.82401466369629,0.42509692907333374,-16.826257705688477,-61.56684112548828,6.296141147613525,57100
12.447527885437012,0.3354494869709015,0.1284160614013672,-2.0728063583374023,5.91796875,235.08285522460938,-0.7455099821090698,-0.36272525787353516,-12.664165496826172,0.7634941935539246,0.8169309496879578,1.6221106052398682,0.34375,6.199986457824707,-0.8555232286453247,-12.26675796508789,-0.302983820438385,-18.502574920654297,-63.69983673095703,4.461940765380859,57200
6.360142230987549,0.17163234949111938,0.015511028468608856,-1.5597903728485107,3.2578125,438.82305908203125,0.7347767949104309,0.4152904748916626,-13.227375030517578,0.7949903011322021,0.8268375396728516,1.3252313137054443,0.30859375,7.199127197265625,-0.7426871061325073,-9.455946922302246,0.07388834655284882,-19.46308135986328,-65.57473754882812,3.240302562713623,57300
8.049139976501465,0.19611215591430664,0.016885459423065186,-1.8180181980133057,4.47265625,344.62890625,-0.09152820706367493,0.21909332275390625,-12.353803634643555,0.7325055003166199,0.8187355399131775,1.2806284427642822,0.3515625,6.5344390869140625,-0.7849446535110474,-7.07582950592041,0.45245444774627686,-16.25259017944336,-57.78929901123047,2.7920656204223633,57400
11.355635643005371,0.4482930302619934,0.11317746341228485,-1.992708683013916,4.4765625,304.448486328125,-0.13354995846748352,0.11208343505859375,-12.92458724975586,0.7822399139404297,0.8131601214408875,1.6249611377716064,0.2890625,5.576009750366211,-1.0044952630996704,-14.344291687011719,-0.09752357006072998,-20.168655395507812,-64.75492095947266,3.842958927154541,57500
9.812499046325684,0.34857386350631714,0.013931363821029663,-2.2354977130889893,4.703125,343.0508117675781,-0.00919916108250618,-0.010772705078125,-13.09426498413086,0.8423249125480652,0.8366315960884094,1.3909225463867188,0.359375,7.6761908531188965,-0.8146981000900269,-33.44700622558594,0.3776715397834778,-20.060306549072266,-63.240020751953125,4.192911148071289,57600
11.491645812988281,0.3522477149963379,0.0645449161529541,-2.207979202270508,5.83203125,255.8541259765625,0.3013884723186493,0.3996316194534302,-11.916214942932129,0.6702798008918762,0.8397623896598816,1.5550702810287476,0.30078125,6.361638069152832,-1.0465179681777954,-14.601615905761719,0.07661762088537216,-14.433992385864258,-53.92387771606445,4.358135223388672,57700
8.880973815917969,0.15783646702766418,0.04761147499084473,-2.1756460666656494,4.23046875,353.11285400390625,0.7385202646255493,0.4849824905395508,-12.255880355834961,0.7269046902656555,0.8321881294250488,1.4422030448913574,0.44140625,7.929508209228516,-0.5146348476409912,-7.501300811767578,0.3469427227973938,-16.920522689819336,-65.34016418457031,3.3963117599487305,57800
9.785991668701172,0.3736795485019684,0.0897897481918335,-2.085843563079834,4.03125,323.9501037597656,-0.6663541793823242,0.25232791900634766,-12.68220329284668,0.7908139824867249,0.843012273311615,1.3726789951324463,0.359375,7.116979122161865,-0.6673730611801147,-8.139289855957031,0.1323750913143158,-17.815698623657227,-59.23838424682617,3.403505563735962,57900
7.012745380401611,0.13779732584953308,0.09625015407800674,-2.113542079925537,5.01953125,305.7359619140625,0.47660407423973083,0.6144847869873047,-11.937874794006348,0.6798204779624939,0.8230947852134705,1.4453740119934082,0.3515625,7.918312072753906,-0.663223147392273,-9.847332000732422,-0.01277487725019455,-20.117971420288086,-56.33560562133789,3.5570974349975586,58000
10.118683815002441,0.30760735273361206,0.08200979232788086,-2.1379575729370117,5.2109375,346.5976257324219,0.1696295291185379,-0.13082122802734375,-12.063752174377441,0.6738798022270203,0.8226373791694641,1.3973686695098877,0.32421875,5.376353740692139,-0.9037004709243774,-8.652860641479492,0.8189228177070618,-16.772987365722656,-65.94001770019531,3.2767105102539062,58100
8.11378002166748,0.07683691382408142,0.013381481170654297,-1.9594533443450928,4.52734375,320.8847961425781,-0.08753988146781921,0.3789176940917969,-12.346725463867188,0.7013652920722961,0.8253803253173828,1.432106852531433,0.34765625,10.796091079711914,-0.8394695520401001,-11.395341873168945,0.2351769506931305,-16.761777877807617,-63.356258392333984,4.553500175476074,58200
5.5482096672058105,0.0669051855802536,0.00883495807647705,-2.5214405059814453,5.08203125,350.9952392578125,0.11423297226428986,0.44703200459480286,-12.134122848510742,0.656640350818634,0.8406831622123718,1.3582847118377686,0.3046875,9.022844314575195,-0.8809270858764648,-21.132225036621094,0.11465879529714584,-11.102112770080566,-60.94276428222656,3.6732897758483887,58300
6.206539154052734,0.12139774858951569,0.007690995931625366,-2.033285140991211,4.5546875,309.16351318359375,0.021099641919136047,-0.03414095938205719,-12.086882591247559,0.6533300876617432,0.8226026892662048,1.5175621509552002,0.33984375,7.412006378173828,-0.9014227390289307,-18.717975616455078,-0.05780496448278427,-13.575406074523926,-51.109336853027344,4.874977111816406,58400
6.168949604034424,0.1569513976573944,0.029212042689323425,-2.14387845993042,5.35546875,294.68817138671875,0.2814626693725586,0.20682716369628906,-11.587360382080078,0.6028234362602234,0.8051183819770813,1.4456108808517456,0.34765625,14.514095306396484,-0.5615243315696716,-6.023128509521484,0.5004792809486389,-15.738561630249023,-54.51278305053711,3.8875460624694824,58500
7.584692001342773,0.13579201698303223,0.0004365965723991394,-2.387413263320923,5.30078125,347.5731201171875,0.3386166989803314,-0.05513477325439453,-12.705219268798828,0.7248020172119141,0.7979964017868042,1.5034830570220947,0.3203125,7.716444969177246,-0.9237287044525146,-16.35603141784668,0.9562978744506836,-15.196783065795898,-53.25121307373047,4.049609661102295,58600
9.748437881469727,0.23523318767547607,0.008940547704696655,-1.658746361732483,3.7890625,245.46739196777344,-0.8696558475494385,-0.30586767196655273,-12.68148422241211,0.7391999363899231,0.8094963431358337,1.4192461967468262,0.3359375,7.009246826171875,-0.9181328415870667,-8.080097198486328,0.13644319772720337,-15.243951797485352,-66.005126953125,3.031557083129883,58700
7.154417991638184,-0.11348499357700348,-0.0017961859703063965,-2.255368232727051,5.71875,297.891357421875,0.5642549991607666,-0.08986234664916992,-12.406482696533203,0.6926559805870056,0.7994937300682068,1.317878246307373,0.36328125,6.816591262817383,-0.7724018096923828,-16.0262393951416,0.43103522062301636,-16.20708465576172,-58.66079330444336,3.358473777770996,58800
6.416214942932129,0.23072943091392517,0.014510869979858398,-1.7591785192489624,3.03125,385.5133056640625,0.439574271440506,0.26386165618896484,-11.84341812133789,0.6560827493667603,0.8046697974205017,1.3050901889801025,0.30078125,5.24295711517334,-0.8994888663291931,-8.44244384765625,0.10701090097427368,-17.508209228515625,-55.47829818725586,3.0374975204467773,58900
9.119039535522461,0.20697256922721863,0.13275432586669922,-2.01724910736084,5.7890625,290.81243896484375,0.012637041509151459,-0.11290836334228516,-11.942668914794922,0.6630873084068298,0.8023396730422974,1.2939423322677612,0.375,10.60034465789795,-0.5242902636528015,-7.063002109527588,0.4326564371585846,-17.986827850341797,-51.288230895996094,3.6591720581054688,59000
8.850137710571289,0.28327804803848267,0.01575162261724472,-2.2287209033966064,5.09765625,301.8858947753906,0.19521775841712952,0.31571006774902344,-12.681118965148926,0.7757452130317688,0.8138036727905273,1.366098403930664,0.37109375,6.647136688232422,-0.6907191276550293,-8.430280685424805,0.2987489104270935,-16.622047424316406,-63.73881530761719,3.126218318939209,59100
7.084039211273193,0.06544468551874161,0.023777451366186142,-2.340886116027832,7.23046875,289.7881164550781,0.14333601295948029,0.22227859497070312,-11.569726943969727,0.6178350448608398,0.8072835803031921,1.5173227787017822,0.33203125,8.136032104492188,-0.8220335841178894,-12.089371681213379,0.2976395785808563,-18.27277374267578,-65.84371948242188,3.9290051460266113,59200
11.813990592956543,0.11198925226926804,0.07967780530452728,-1.7851817607879639,4.32421875,350.0593566894531,-0.6182719469070435,-0.39478588104248047,-13.587151527404785,0.850311279296875,0.8113052248954773,1.5976810455322266,0.28515625,8.438512802124023,-0.9298718571662903,-19.263286590576172,0.6712369918823242,-15.867752075195312,-55.722049713134766,5.419996738433838,59300
7.272147178649902,0.31252825260162354,0.02020612359046936,-2.0239596366882324,4.9453125,295.1196594238281,0.0042027682065963745,0.014404296875,-11.674921989440918,0.6118510365486145,0.820593535900116,1.4418599605560303,0.37109375,9.45905590057373,-0.7353091239929199,-10.99242877960205,0.06139703094959259,-17.545991897583008,-60.914180755615234,3.5088117122650146,59400
6.093501567840576,0.13022109866142273,0.045371055603027344,-2.211233615875244,5.39453125,374.1300048828125,0.20286577939987183,0.4356863498687744,-13.291695594787598,0.8264631628990173,0.8086431622505188,1.6525285243988037,0.375,4.6817121505737305,-0.6787787675857544,-13.351234436035156,0.43029099702835083,-17.68994140625,-64.08240509033203,3.8252389430999756,59500
9.075668334960938,-0.04898443818092346,-0.003086984157562256,-2.4323816299438477,6.25,259.90167236328125,-0.8736668825149536,-0.15497779846191406,-12.364855766296387,0.7146862149238586,0.8253657221794128,1.5508508682250977,0.3203125,5.670502662658691,-0.97550368309021,-10.280206680297852,0.09528276324272156,-17.750703811645508,-52.41740417480469,3.802520275115967,59600
11.320560455322266,0.22522959113121033,0.029042035341262817,-2.5791664123535156,6.609375,386.30810546875,1.166917324066162,0.37168312072753906,-12.899721145629883,0.765113353729248,0.827863872051239,1.6254668235778809,0.26171875,8.178967475891113,-1.0567724704742432,-16.904821395874023,0.200464129447937,-17.990463256835938,-64.25328826904297,5.028314590454102,59700
6.597166538238525,0.0865306705236435,0.05655290186405182,-1.554882287979126,2.91015625,451.92095947265625,-0.23109078407287598,-0.0034074783325195312,-14.773401260375977,1.0646145343780518,0.8329626321792603,1.5953783988952637,0.3046875,7.487627029418945,-0.6300708651542664,-10.020600318908691,0.10294651985168457,-18.06182098388672,-68.02278137207031,3.8831558227539062,59800
7.923418045043945,0.12767669558525085,0.02234363555908203,-1.9736788272857666,4.578125,358.2715148925781,0.1404319703578949,0.5032162666320801,-12.086956024169922,0.6980888247489929,0.8319723010063171,1.3313153982162476,0.33203125,5.918983459472656,-0.8707771301269531,-12.005607604980469,0.5277111530303955,-15.827856063842773,-62.37040710449219,2.584113597869873,59900
5.124757289886475,0.015262691304087639,0.006768848747014999,-2.333247423171997,5.1484375,421.2469482421875,0.5326272249221802,0.3695859909057617,-12.561971664428711,0.7546806931495667,0.8177690505981445,1.2845690250396729,0.2890625,6.717162132263184,-0.8697978258132935,-9.799392700195312,0.34431836009025574,-14.938302040100098,-61.97393798828125,2.637429714202881,60000
10.377893447875977,0.3571111261844635,0.0060179755091667175,-2.0968618392944336,4.09765625,333.647705078125,-0.20905762910842896,-0.17730331420898438,-12.644430160522461,0.7506970763206482,0.816630482673645,1.5043736696243286,0.33984375,4.807507514953613,-0.8929847478866577,-14.163963317871094,0.6763696074485779,-17.875459671020508,-60.6917839050293,4.022430896759033,60100
11.902280807495117,0.5021384954452515,0.021925315260887146,-2.0652103424072266,3.8046875,316.986572265625,0.24269242584705353,-0.00876617431640625,-12.324214935302734,0.7126063704490662,0.8134505152702332,1.4891164302825928,0.32421875,9.983837127685547,-0.8821098804473877,-16.22408676147461,0.5206285119056702,-17.2791748046875,-62.14483642578125,3.882246494293213,60200
12.864852905273438,0.27932441234588623,0.06145152449607849,-2.0798330307006836,3.4453125,471.7879333496094,0.9031817317008972,1.1196975708007812,-12.82606315612793,0.7787857055664062,0.802205502986908,1.784659504890442,0.3671875,7.772334098815918,-1.1556737422943115,-29.246458053588867,0.06534002721309662,-18.735254287719727,-54.80710220336914,7.867743968963623,60300
7.759571552276611,0.3042474687099457,0.08244466781616211,-2.101813793182373,4.875,292.4130859375,-0.39193713665008545,0.09915924072265625,-12.045160293579102,0.6865609288215637,0.7957053184509277,1.350127935409546,0.3828125,7.273013114929199,-0.7585301399230957,-10.542720794677734,0.21698758006095886,-16.628398895263672,-55.132347106933594,3.1476337909698486,60400
7.498635768890381,0.28213149309158325,0.03589010238647461,-1.9947351217269897,4.234375,289.570068359375,-0.33624178171157837,0.16084784269332886,-12.275622367858887,0.6705990433692932,0.8051065802574158,1.440307855606079,0.31640625,11.61913776397705,-0.8970640897750854,-20.06229019165039,0.12090297788381577,-18.430126190185547,-66.92411804199219,4.178839206695557,60500
8.212242126464844,0.3382200598716736,0.014932960271835327,-2.25009822845459,7.1015625,316.31549072265625,0.4796596169471741,0.22910594940185547,-11.768558502197266,0.6043609976768494,0.7925774455070496,1.2608323097229004,0.328125,5.498697280883789,-0.8669590950012207,-12.12857437133789,0.14873050153255463,-16.256425857543945,-58.315311431884766,2.3565986156463623,60600
7.340363502502441,0.14506450295448303,0.08271479606628418,-2.1782946586608887,4.4453125,296.01202392578125,0.18557590246200562,0.19332504272460938,-11.879826545715332,0.6569709777832031,0.7886292338371277,1.4715349674224854,0.30859375,4.9871063232421875,-1.0658047199249268,-12.525623321533203,0.015826866030693054,-18.76809310913086,-60.850040435791016,3.1938037872314453,60700
12.194021224975586,0.44448983669281006,0.04312001168727875,-2.2418603897094727,4.7890625,321.5857849121094,0.026360392570495605,0.320159912109375,-12.708684921264648,0.7676751017570496,0.802677571773529,1.4207794666290283,0.32421875,12.430095672607422,-0.7366306185722351,-12.986115455627441,0.3137718439102173,-15.834928512573242,-68.34721374511719,4.4828338623046875,60800
9.207233428955078,0.3735157251358032,0.05889779329299927,-2.122455358505249,4.59375,324.628662109375,0.30935773253440857,0.2406930923461914,-11.990346908569336,0.6748213768005371,0.8107194900512695,1.4107296466827393,0.34375,7.4874749183654785,-0.8031890392303467,-7.771684646606445,0.42063260078430176,-16.85557746887207,-59.14271926879883,3.10591197013855,60900
5.907201766967773,0.028594879433512688,0.04310697317123413,-2.062722682952881,4.4140625,367.57879638671875,0.35071343183517456,0.013501167297363281,-12.740511894226074,0.7333003878593445,0.8082172274589539,1.5081617832183838,0.2734375,7.3358283042907715,-0.967585563659668,-15.46185302734375,0.19546549022197723,-19.783641815185547,-67.5015640258789,3.692349433898926,61000
9.070818901062012,0.20169812440872192,0.021696709096431732,-1.9626116752624512,4.640625,369.285400390625,0.27248015999794006,0.13325881958007812,-13.4635591506958,0.8460041284561157,0.8045463562011719,1.3293979167938232,0.33984375,9.281576156616211,-0.750776469707489,-8.432220458984375,1.1775321960449219,-17.32578468322754,-65.49305725097656,3.2331252098083496,61100
11.610093116760254,0.3712421953678131,0.05125775933265686,-2.1737334728240967,5.31640625,400.008056640625,0.7523678541183472,0.36539459228515625,-13.064420700073242,0.8354665637016296,0.8211913108825684,1.7436997890472412,0.34375,7.662303924560547,-0.7106550931930542,-12.25030517578125,0.14575880765914917,-17.175769805908203,-52.900325775146484,5.569367408752441,61200
7.157049179077148,0.209071546792984,-0.0033621788024902344,-2.0754761695861816,4.33203125,293.66143798828125,0.16180267930030823,-0.13753890991210938,-11.978620529174805,0.6935624480247498,0.8137676119804382,1.7936550378799438,0.32421875,7.190390110015869,-0.8875355124473572,-11.788414001464844,0.08226817101240158,-19.00925064086914,-53.58538055419922,4.988973140716553,61300
9.417031288146973,0.22159090638160706,0.022051796317100525,-2.1901979446411133,5.4140625,289.7463684082031,-0.3237619996070862,-0.3071622848510742,-12.289325714111328,0.7268183827400208,0.8094295859336853,1.3747477531433105,0.33203125,4.188992500305176,-0.749158501625061,-5.888826370239258,0.15610826015472412,-19.320201873779297,-66.52001953125,2.509610652923584,61400
9.38845157623291,0.12102087587118149,0.020115926861763,-2.560009717941284,3.83984375,363.2042236328125,0.15372131764888763,-0.2112722396850586,-12.590408325195312,0.755405068397522,0.829593300819397,1.5743341445922852,0.36328125,5.573707103729248,-0.7617522478103638,-9.504326820373535,0.20262248814105988,-17.532987594604492,-54.399234771728516,3.721865653991699,61500
12.408571243286133,0.29105132818222046,0.0026636719703674316,-2.129627227783203,4.49609375,322.39105224609375,-0.05328303575515747,-0.023662567138671875,-13.497529983520508,0.8677078485488892,0.8255074620246887,1.3960976600646973,0.29296875,4.861966609954834,-0.9792726039886475,-8.604543685913086,0.12170320749282837,-18.98257827758789,-55.95712661743164,2.6125364303588867,61600
3.7527992725372314,0.1933111846446991,0.09946255385875702,-1.394937515258789,2.26171875,386.6672668457031,-0.5964110493659973,0.08035260438919067,-12.233635902404785,0.7338022589683533,0.8155676126480103,1.5880622863769531,0.2890625,18.336116790771484,-0.9689741134643555,-12.094037055969238,0.2911633253097534,-18.820981979370117,-68.06705474853516,5.476606845855713,61700
8.367070198059082,0.26146912574768066,0.01658862829208374,-1.948468565940857,4.078125,321.6541748046875,-0.7116962671279907,0.11973381042480469,-12.034904479980469,0.6435509920120239,0.8082729578018188,1.4466744661331177,0.34375,4.416322708129883,-0.9197391271591187,-11.093079566955566,0.21642068028450012,-18.043432235717773,-62.2842903137207,2.7625226974487305,61800
12.626571655273438,0.5511198043823242,0.11001992225646973,-2.27046537399292,5.2578125,318.83355712890625,-0.4067298173904419,-0.6224880218505859,-12.216031074523926,0.6869780421257019,0.8051438331604004,1.5517199039459229,0.33203125,7.563050270080566,-0.8517393469810486,-12.425058364868164,-0.07881161570549011,-17.062728881835938,-57.377891540527344,4.7202606201171875,61900
8.346796035766602,0.3084002733230591,0.012940078973770142,-1.9669618606567383,4.421875,314.643310546875,-0.3946869373321533,-0.2454814910888672,-12.160919189453125,0.706943154335022,0.799543559551239,1.3634934425354004,0.33984375,4.816438674926758,-0.9247961044311523,-10.448545455932617,0.3028697073459625,-16.722911834716797,-51.764461517333984,2.8138680458068848,62000
9.89903450012207,-0.0002008303999900818,0.0076789334416389465,-2.283297061920166,5.37890625,319.65020751953125,0.9757136702537537,0.8549041748046875,-12.421192169189453,0.7273446917533875,0.8155937194824219,1.3458619117736816,0.35546875,4.868579864501953,-0.8900693655014038,-10.39004898071289,0.3906760513782501,-17.88309097290039,-53.01258087158203,3.0509192943573,62100
12.18539047241211,0.23376601934432983,0.007426723837852478,-2.093837022781372,5.26171875,355.7994384765625,0.2755521535873413,0.2601947784423828,-12.56637954711914,0.7522942423820496,0.8114431500434875,1.309162974357605,0.3203125,6.6208977699279785,-0.8887238502502441,-7.617122650146484,0.2856895327568054,-16.72351837158203,-68.55863952636719,2.540475368499756,62200
12.598461151123047,0.14584779739379883,0.051458939909935,-2.31013560295105,4.55859375,334.44598388671875,0.25742286443710327,0.424102783203125,-12.494366645812988,0.7543177008628845,0.8249298930168152,1.4027568101882935,0.296875,6.016704559326172,-0.9017821550369263,-11.082361221313477,0.3173014521598816,-19.70731544494629,-55.538265228271484,3.1139566898345947,62300
7.750689506530762,0.16509117186069489,0.044513553380966187,-1.4826016426086426,3.015625,374.994140625,0.07967659831047058,0.1608632206916809,-12.051548957824707,0.6886591911315918,0.8173389434814453,1.3897515535354614,0.38671875,5.795831680297852,-0.7339328527450562,-19.0025634765625,-0.04285701364278793,-19.589271545410156,-68.39271545410156,3.6287951469421387,62400
11.52227783203125,0.09099240601062775,0.0444498211145401,-2.0784151554107666,4.25390625,358.2814636230469,0.8447427749633789,0.4816322326660156,-12.223393440246582,0.6851060390472412,0.82744961977005,1.6502023935317993,0.30859375,5.707597732543945,-1.123855710029602,-9.317832946777344,0.5847253203392029,-20.665523529052734,-59.25251770019531,3.549835205078125,62500
9.774941444396973,0.20706617832183838,0.008350290358066559,-1.5626158714294434,3.36328125,344.02789306640625,-0.060109615325927734,0.4797687530517578,-12.701842308044434,0.7617589235305786,0.8200130462646484,1.6402397155761719,0.32421875,8.491954803466797,-0.9291611313819885,-10.671571731567383,-0.04227379709482193,-19.827404022216797,-66.77816009521484,5.6739606857299805,62600
6.758426189422607,0.25520968437194824,0.05004438757896423,-1.2270128726959229,2.15625,395.1741943359375,0.03676077723503113,0.5781717300415039,-12.17818832397461,0.7219061851501465,0.8264382481575012,1.6320725679397583,0.33984375,5.571347236633301,-1.1106820106506348,-31.84151840209961,0.25158998370170593,-23.727645874023438,-69.01631927490234,6.953272342681885,62700
5.350760459899902,-0.054898738861083984,0.019143104553222656,-1.6513371467590332,3.94921875,343.4897155761719,0.29925188422203064,0.5248270034790039,-11.901208877563477,0.649538516998291,0.8225920796394348,1.3749397993087769,0.30859375,6.128082275390625,-0.9370231628417969,-6.587118148803711,0.2692093253135681,-14.815559387207031,-63.6193962097168,2.1170220375061035,62800
7.147728443145752,0.17986847460269928,0.021133482456207275,-2.1489224433898926,4.86328125,292.4003601074219,-0.10834115743637085,0.1832256317138672,-11.757135391235352,0.6516743898391724,0.8002299666404724,1.2758643627166748,0.34375,4.8634796142578125,-0.7685958743095398,-6.888401031494141,0.33687594532966614,-15.122251510620117,-55.8153190612793,1.9936139583587646,62900
9.065546035766602,0.19332996010780334,0.005216047167778015,-2.1853365898132324,6.01953125,305.3609313964844,-0.11460773646831512,-0.01609017327427864,-12.634517669677734,0.7754679322242737,0.8042363524436951,1.4374959468841553,0.328125,5.223989009857178,-0.8071675300598145,-8.777689933776855,0.21854838728904724,-17.175594329833984,-56.90513610839844,3.1322717666625977,63000
4.774962425231934,0.2398282140493393,0.036566510796546936,-1.0500661134719849,1.73828125,381.8022766113281,-0.20140045881271362,0.2054843008518219,-12.724525451660156,0.7564385533332825,0.7938138246536255,1.1944903135299683,0.38671875,4.17435359954834,-0.6899361610412598,-6.573612213134766,0.6197779178619385,-18.74063491821289,-69.5008773803711,2.4334917068481445,63100
8.622703552246094,0.38990771770477295,0.1947959065437317,-1.3129007816314697,2.05859375,409.68597412109375,0.039212167263031006,0.4148263931274414,-13.216087341308594,0.8507325053215027,0.818847119808197,1.8118129968643188,0.32421875,5.682647705078125,-1.0761010646820068,-14.154995918273926,0.6222147941589355,-22.58871841430664,-71.10549926757812,5.009554862976074,63200
8.647571563720703,0.3263922333717346,0.09654538333415985,-1.9551599025726318,5.10546875,280.6497802734375,-0.3287787437438965,0.05601692199707031,-12.392657279968262,0.7161690592765808,0.8229436278343201,1.446561336517334,0.3359375,7.245027542114258,-0.7918738126754761,-7.254809379577637,0.38390326499938965,-15.867327690124512,-56.47724914550781,3.4939770698547363,63300
8.89280891418457,0.08889210224151611,0.028172418475151062,-1.9497873783111572,4.5234375,341.86529541015625,-0.858354389667511,-0.3844490051269531,-13.421199798583984,0.8366582989692688,0.8148457407951355,1.5717726945877075,0.33203125,9.881189346313477,-0.8645666837692261,-11.36827278137207,1.3884600400924683,-17.2484188079834,-69.2813949584961,5.862588882446289,63400
8.297804832458496,0.19085948169231415,0.02102375030517578,-2.246173858642578,5.3046875,337.77716064453125,0.34198588132858276,0.3236217498779297,-12.436239242553711,0.7528814673423767,0.8135302662849426,1.3738882541656494,0.3046875,7.003284454345703,-0.9223673343658447,-7.012598514556885,0.5348113775253296,-17.824237823486328,-70.31136322021484,2.5808157920837402,63500
7.385226249694824,0.1743462085723877,0.07083415985107422,-2.0799524784088135,5.4921875,285.58074951171875,0.025022104382514954,-0.3832263946533203,-12.038115501403809,0.6783236861228943,0.8138219118118286,1.341367244720459,0.3125,4.709300994873047,-0.843667209148407,-11.158782005310059,0.24717678129673004,-17.21196746826172,-63.61542510986328,2.5830025672912598,63600
12.264083862304688,0.5726750493049622,0.14724665880203247,-2.4863195419311523,4.4296875,331.053955078125,0.2728610634803772,0.004688262939453125,-12.997016906738281,0.7951764464378357,0.821855366230011,1.577160358428955,0.3671875,13.702447891235352,-0.8486708402633667,-12.13542652130127,1.9269599914550781,-15.864420890808105,-54.62450408935547,5.165099620819092,63700
10.370391845703125,0.18247750401496887,0.010778069496154785,-2.054839849472046,4.47265625,312.41302490234375,0.04550814628601074,0.04945182800292969,-12.088224411010742,0.700960636138916,0.8194595575332642,1.4143779277801514,0.359375,7.9126667976379395,-0.7752737998962402,-11.846649169921875,0.1976744830608368,-17.988189697265625,-70.96195983886719,3.035452365875244,63800
7.996112823486328,0.35143786668777466,0.10124754905700684,-1.9442591667175293,3.66015625,349.1523132324219,-0.5567170977592468,0.2797079086303711,-12.45950698852539,0.7110196948051453,0.8133748173713684,1.3506205081939697,0.33984375,6.842871189117432,-0.755887508392334,-9.566154479980469,-0.038260482251644135,-17.047861099243164,-69.8354263305664,3.2206621170043945,63900
12.393767356872559,0.27943047881126404,0.01778233051300049,-2.086435079574585,5.45703125,298.752197265625,0.33716443181037903,-0.015761375427246094,-12.506085395812988,0.7567299604415894,0.8185335397720337,1.4134306907653809,0.3671875,9.93691635131836,-0.6588020324707031,-14.551385879516602,1.0142408609390259,-16.39519500732422,-63.736026763916016,4.737626075744629,64000
7.129761695861816,0.13623815774917603,-0.011976424604654312,-2.160953998565674,5.7109375,269.928466796875,-0.22051934897899628,-0.30687618255615234,-11.468582153320312,0.6218262314796448,0.8001577258110046,1.4006465673446655,0.3125,7.570385932922363,-0.9426152110099792,-11.299201011657715,0.43381398916244507,-16.15152359008789,-58.265289306640625,3.9234633445739746,64100
8.166158676147461,0.31209057569503784,0.015119075775146484,-2.035006523132324,4.0546875,350.8465270996094,0.08180209994316101,0.09123039245605469,-13.070164680480957,0.7878698706626892,0.8116143345832825,1.7127760648727417,0.3125,9.581160545349121,-1.200120449066162,-19.679302215576172,0.16158264875411987,-16.297922134399414,-68.26651000976562,5.446732997894287,64200
7.934355735778809,0.28489452600479126,0.00845995545387268,-2.120600700378418,4.51171875,341.2684631347656,0.12864363193511963,0.4898948669433594,-12.123190879821777,0.7108789086341858,0.8154088854789734,1.42018461227417,0.36328125,9.252880096435547,-0.8123190999031067,-8.062870025634766,0.3197011351585388,-17.008560180664062,-69.11515045166016,3.2663488388061523,64300
7.158843517303467,0.13244575262069702,0.0044379085302352905,-1.2324073314666748,1.765625,451.8785400390625,1.398877739906311,0.8736324310302734,-12.456720352172852,0.7611357569694519,0.8290035128593445,1.6168217658996582,0.375,8.603459358215332,-0.909564733505249,-21.738880157470703,0.5218305587768555,-19.948190689086914,-68.15510559082031,5.641659736633301,64400
7.1101226806640625,0.12540948390960693,-0.0006529688835144043,-2.3124542236328125,5.49609375,334.7889404296875,0.666114866733551,0.18011474609375,-12.126755714416504,0.6874110102653503,0.8267558217048645,1.5699613094329834,0.3203125,10.855931282043457,-0.8336315751075745,-6.584439754486084,0.00963573157787323,-19.22867202758789,-67.74114227294922,4.559782028198242,64500
7.08872127532959,0.47373777627944946,0.16118669509887695,-1.1074905395507812,1.6171875,411.1203308105469,0.37907224893569946,0.5740127563476562,-12.734193801879883,0.7517057657241821,0.8230196833610535,1.622700572013855,0.32421875,6.216796875,-1.0469621419906616,-19.996761322021484,0.3246966600418091,-21.733333587646484,-70.02478790283203,4.745626926422119,64600
6.568575382232666,-0.007619448006153107,0.0004644468426704407,-2.4697372913360596,5.55859375,380.5429992675781,1.1344788074493408,0.2554044723510742,-13.398934364318848,0.7998088598251343,0.8219708800315857,1.3377139568328857,0.3203125,3.276500701904297,-0.8446252346038818,-12.48275375366211,0.164900004863739,-17.05058479309082,-51.99878692626953,2.665060043334961,64700
9.553003311157227,0.1085328608751297,0.013072136789560318,-2.16440486907959,5.2890625,309.46197509765625,0.04210937023162842,0.06684303283691406,-12.527300834655762,0.73354572057724,0.8114413619041443,1.5899055004119873,0.24609375,19.500642776489258,-1.069421648979187,-9.734600067138672,0.2175205945968628,-18.513751983642578,-67.31966400146484,5.756059646606445,64800
10.714741706848145,0.38099831342697144,0.0596298947930336,-2.229402542114258,5.0859375,318.490966796875,-0.11049172282218933,-0.0008447170257568359,-12.443954467773438,0.7347878217697144,0.814875602722168,1.3663344383239746,0.3203125,10.726669311523438,-0.7071906328201294,-8.646944999694824,0.15223965048789978,-15.9976806640625,-55.38520050048828,3.848388195037842,64900
13.433753967285156,0.2112419605255127,0.02600952982902527,-2.160825729370117,4.89453125,373.78546142578125,0.03684483468532562,0.014944076538085938,-12.715152740478516,0.74041348695755,0.8228254318237305,1.447318196296692,0.34375,7.692004203796387,-0.7837885022163391,-11.757972717285156,0.6203458309173584,-18.03217315673828,-67.5459976196289,4.488301753997803,65000
6.204910755157471,-0.07171645760536194,-0.034324973821640015,-2.077143907546997,4.74609375,245.07559204101562,-0.30554383993148804,-0.056853294372558594,-11.984498977661133,0.6855185627937317,0.8175363540649414,1.4509491920471191,0.359375,5.112184524536133,-0.8790802955627441,-10.654684066772461,0.07581211626529694,-16.13351821899414,-54.61239242553711,3.2647619247436523,65100
7.764606475830078,0.17739729583263397,0.09642541408538818,-1.5771384239196777,3.3359375,368.060302734375,0.4956703186035156,0.39260435104370117,-12.24407958984375,0.6798781752586365,0.8218235373497009,1.7048168182373047,0.2890625,7.504014015197754,-1.1343967914581299,-27.263296127319336,0.25726068019866943,-19.405963897705078,-66.24330139160156,5.925873756408691,65200
10.464448928833008,0.32017281651496887,0.04582419991493225,-2.3865528106689453,5.85546875,278.47900390625,-0.05299864709377289,0.3300924301147461,-12.362202644348145,0.7286340594291687,0.8168884515762329,1.427695631980896,0.375,6.639945983886719,-0.663101851940155,-8.978588104248047,0.47914642095565796,-16.55728530883789,-60.58280563354492,4.036280632019043,65300
9.304545402526855,0.4000728130340576,0.07055783271789551,-2.3133583068847656,6.17578125,251.60214233398438,-0.48996782302856445,-0.037189483642578125,-12.540022850036621,0.7533923387527466,0.8228702545166016,1.2384158372879028,0.36328125,5.112832069396973,-0.6655285358428955,-8.531909942626953,0.1626368761062622,-16.89344024658203,-54.95368957519531,2.7405242919921875,65400
8.467547416687012,0.36221492290496826,0.08592796325683594,-2.26300311088562,4.7109375,301.54254150390625,0.5079721808433533,0.2906923294067383,-11.496747970581055,0.6186432242393494,0.8132182955741882,1.4212188720703125,0.34375,13.106030464172363,-0.8019887208938599,-21.533496856689453,0.25643467903137207,-19.156482696533203,-58.805450439453125,4.567905426025391,65500
6.029745101928711,0.2530781626701355,0.03491121530532837,-2.0028955936431885,4.0390625,319.7747802734375,-0.5979650616645813,-0.42211151123046875,-12.270248413085938,0.6992323994636536,0.8161190152168274,1.6396878957748413,0.3046875,6.186159133911133,-1.1428966522216797,-19.497276306152344,0.3477867543697357,-18.8942928314209,-58.06294631958008,3.9026851654052734,65600
6.539151191711426,0.06593087315559387,0.01906585693359375,-2.2807321548461914,5.70703125,385.4786682128906,-0.20130997896194458,0.09528732299804688,-13.668684005737305,0.8474854826927185,0.8121518492698669,1.486642837524414,0.359375,5.8817243576049805,-0.7148493528366089,-8.460250854492188,0.16613416373729706,-14.74179744720459,-53.5166015625,3.7074637413024902,65700
11.120237350463867,0.3261570930480957,-0.0006512701511383057,-2.3698654174804688,5.875,321.064697265625,-0.2769225835800171,-0.15192222595214844,-12.749898910522461,0.8285505175590515,0.8194469809532166,1.6034815311431885,0.37890625,11.87507438659668,-0.7521668076515198,-15.405136108398438,0.2799718379974365,-16.183950424194336,-56.819698333740234,4.385286331176758,65800
8.739620208740234,0.25255900621414185,0.02137470245361328,-1.8452160358428955,4.2890625,322.93731689453125,0.7295814752578735,-0.0022745132446289062,-12.571599960327148,0.7613899111747742,0.8300714492797852,1.3787420988082886,0.296875,5.466737747192383,-0.8688018918037415,-6.510536193847656,0.4599760174751282,-19.285917282104492,-67.6640853881836,2.599684715270996,65900
8.677210807800293,0.03183785080909729,0.04556058347225189,-2.3550078868865967,5.16015625,322.6041564941406,0.2617960274219513,0.21236228942871094,-11.806598663330078,0.6526400446891785,0.8188366293907166,1.5212743282318115,0.33203125,4.297947883605957,-0.8713049292564392,-8.133825302124023,0.1618356704711914,-18.816753387451172,-70.24665069580078,2.909539222717285,66000
7.7880659103393555,0.255293607711792,0.0349065363407135,-2.0630526542663574,4.52734375,278.36181640625,-0.5017342567443848,0.019410133361816406,-12.134002685546875,0.710223913192749,0.8047060370445251,1.4998915195465088,0.375,7.2976226806640625,-0.6126686930656433,-6.878296852111816,0.1738642454147339,-19.002445220947266,-62.053466796875,3.5529603958129883,66100
10.600227355957031,0.36443811655044556,0.04465320706367493,-1.9525957107543945,4.28125,347.6562805175781,0.5176103115081787,0.17540931701660156,-11.933967590332031,0.6745664477348328,0.8104903101921082,1.4341840744018555,0.35546875,7.442073822021484,-0.8849208354949951,-21.66217803955078,0.23757407069206238,-18.40509033203125,-53.643577575683594,4.837594032287598,66200
6.425201416015625,0.36501193046569824,0.05532354861497879,-2.2756571769714355,5.05078125,247.31298828125,-0.8762569427490234,-0.2983970642089844,-12.352224349975586,0.7248599529266357,0.8082128763198853,1.3732373714447021,0.34375,8.67189884185791,-0.6757075786590576,-5.905405044555664,0.16958603262901306,-17.96868896484375,-69.63457489013672,3.482595682144165,66300
6.824151992797852,0.08131636679172516,0.002810366451740265,-2.224677562713623,5.14453125,337.1568603515625,-0.027451276779174805,-0.31435203552246094,-12.757064819335938,0.7546531558036804,0.8078369498252869,1.387291669845581,0.296875,5.347753524780273,-0.8966225385665894,-7.295124053955078,0.19145894050598145,-16.35135841369629,-68.819580078125,2.9439525604248047,66400
10.19363021850586,0.049601394683122635,-0.0036723315715789795,-2.2978415489196777,6.6328125,264.4808349609375,0.4806671738624573,0.24679851531982422,-12.17776107788086,0.7115427851676941,0.8205409049987793,1.5578100681304932,0.359375,4.82878303527832,-0.8025708198547363,-11.163379669189453,0.4334547519683838,-17.632287979125977,-57.14580154418945,3.5491552352905273,66500
10.190071105957031,0.41818416118621826,0.11207588016986847,-2.1616129875183105,5.04296875,312.65478515625,-0.07815511524677277,0.19202280044555664,-11.792289733886719,0.6762813329696655,0.8099796175956726,1.5627062320709229,0.3359375,7.266139984130859,-0.9693125486373901,-11.192283630371094,0.07821536064147949,-17.49042510986328,-71.56299591064453,3.5185556411743164,66600
10.702276229858398,0.13356156647205353,0.04084677994251251,-1.9262168407440186,3.6015625,416.54730224609375,0.481642484664917,0.47791385650634766,-12.693379402160645,0.748803973197937,0.8270658850669861,1.437110424041748,0.35546875,4.5170183181762695,-0.9720097780227661,-21.932212829589844,0.2734167277812958,-18.61797332763672,-61.33517074584961,4.967417240142822,66700
4.991988658905029,0.05611574277281761,0.05432198941707611,-1.2354434728622437,2.296875,381.45294189453125,-0.07703644037246704,0.080340676009655,-12.579057693481445,0.7939675450325012,0.841921329498291,1.5084953308105469,0.375,23.694643020629883,-0.519745409488678,-7.205685615539551,1.1546093225479126,-23.48807144165039,-70.45710754394531,6.2885518074035645,66800
10.930770874023438,-0.10252301394939423,0.036205291748046875,-1.7037701606750488,4.44140625,466.1600341796875,0.5861011147499084,1.068246841430664,-12.684234619140625,0.7921280264854431,0.8278005719184875,1.5503953695297241,0.33203125,4.792844772338867,-1.0056848526000977,-14.990324020385742,-0.0551769956946373,-20.887924194335938,-57.28953170776367,3.566704750061035,66900
9.197134017944336,0.2503107786178589,0.051125600934028625,-2.018035650253296,5.75,311.08538818359375,-0.08314211666584015,0.11147959530353546,-11.780943870544434,0.6345885992050171,0.8133531808853149,1.3298200368881226,0.3671875,15.200484275817871,-0.7194199562072754,-9.774724960327148,0.37213650345802307,-17.03907012939453,-56.07938003540039,3.449265480041504,67000
12.084311485290527,0.49589061737060547,0.03943067044019699,-2.214303493499756,4.68359375,374.02587890625,0.5159381031990051,0.37686729431152344,-12.789865493774414,0.7778916358947754,0.82562255859375,1.3826439380645752,0.33984375,6.415869235992432,-0.758527398109436,-8.50503921508789,0.3258400559425354,-19.097810745239258,-71.21359252929688,2.914726972579956,67100
6.830738067626953,0.1657937914133072,0.013049587607383728,-2.3493943214416504,5.75390625,261.8690185546875,-0.6484838724136353,-0.06804656982421875,-12.281517028808594,0.7127453088760376,0.822177529335022,1.4473741054534912,0.33984375,5.989960193634033,-0.7765870094299316,-11.671076774597168,0.2705780863761902,-16.22745704650879,-69.81790161132812,3.413072109222412,67200
5.939835548400879,0.21092088520526886,0.008393440395593643,-2.0103187561035156,4.65625,275.36663818359375,-0.1866992712020874,0.07938957214355469,-11.207894325256348,0.5697776675224304,0.8018791079521179,1.2278861999511719,0.34765625,4.134403228759766,-0.8417240381240845,-8.438101768493652,0.30394086241722107,-15.172070503234863,-51.182716369628906,2.628297805786133,67300
9.824024200439453,0.1272382289171219,0.02989649772644043,-2.26326847076416,6.15234375,367.5830993652344,-0.05062533915042877,0.16126632690429688,-12.652666091918945,0.7412675619125366,0.7887119650840759,1.4051892757415771,0.31640625,9.026845932006836,-0.7287735939025879,-8.46837043762207,0.30723220109939575,-17.45416259765625,-70.74640655517578,4.626969814300537,67400
8.759368896484375,0.16319262981414795,0.015274211764335632,-2.4711594581604004,6.15625,353.24761962890625,0.8911497592926025,0.8073534965515137,-11.952779769897461,0.6825987696647644,0.7879812121391296,1.442753791809082,0.328125,5.731532573699951,-0.8880284428596497,-8.668205261230469,0.15127289295196533,-17.532848358154297,-55.24636459350586,3.351445198059082,67500
7.140993595123291,0.2539134621620178,0.05617094039916992,-1.9417369365692139,5.02734375,349.18206787109375,0.8842418789863586,0.4691905975341797,-12.027491569519043,0.6670504808425903,0.7947515845298767,1.445857286453247,0.3359375,23.389423370361328,-0.8962756395339966,-12.443901062011719,0.49330374598503113,-17.77039337158203,-72.94098663330078,6.296561241149902,67600
6.183265686035156,0.14765040576457977,0.002883072942495346,-2.087890148162842,5.46875,336.50030517578125,0.3168775737285614,0.49033546447753906,-12.053424835205078,0.6561877131462097,0.8086363077163696,1.4258769750595093,0.3203125,6.276012420654297,-0.8544696569442749,-13.650344848632812,0.3187980353832245,-17.898025512695312,-61.75290298461914,3.1296486854553223,67700
8.269121170043945,0.3674166798591614,0.033061981201171875,-2.0405421257019043,4.6328125,311.11480712890625,-0.5209861397743225,-0.5077981948852539,-12.854269981384277,0.7699486017227173,0.8102073073387146,1.4089027643203735,0.32421875,7.350507736206055,-0.8492650985717773,-7.628955364227295,0.18958914279937744,-18.441036224365234,-71.06463623046875,2.84934663772583,67800
16.757068634033203,0.0021850615739822388,0.009364277124404907,-2.49674391746521,5.4296875,349.09747314453125,-0.017409250140190125,-0.1414470672607422,-15.149255752563477,1.1232110261917114,0.8113940358161926,2.604076862335205,0.3671875,12.765861511230469,0.2732810080051422,-8.795167922973633,0.15460681915283203,-19.64025115966797,-71.66692352294922,13.632018089294434,67900
5.169492721557617,0.1641174554824829,0.00563165545463562,-2.1354615688323975,5.5859375,280.409912109375,0.35109132528305054,0.4114897549152374,-11.078746795654297,0.5540839433670044,0.8483939170837402,1.240318775177002,0.33203125,4.860834121704102,-0.8260886669158936,-7.723495960235596,-0.07766300439834595,-9.890372276306152,-53.16871643066406,2.1615819931030273,68000
4.867779731750488,0.0769725888967514,0.01835334300994873,-2.0628867149353027,5.13671875,354.4356689453125,0.8770973682403564,0.41064488887786865,-11.520467758178711,0.6222853064537048,0.8058781623840332,1.2623249292373657,0.33203125,7.967994689941406,-0.7267484664916992,-14.504833221435547,0.31575027108192444,-12.723112106323242,-51.86742401123047,3.042914867401123,68100
7.156843185424805,0.23657679557800293,0.03188133239746094,-2.198641300201416,6.1875,334.1827697753906,0.16681288182735443,0.3748769760131836,-12.429969787597656,0.6881369948387146,0.7854687571525574,1.3863540887832642,0.30078125,7.658977508544922,-0.9144359827041626,-11.120867729187012,0.09452474117279053,-15.27828598022461,-61.51496124267578,3.205495595932007,68200
9.108530044555664,0.27470114827156067,0.023915335536003113,-2.133823871612549,5.140625,308.9659423828125,0.3531731963157654,0.1079556941986084,-12.589933395385742,0.7019428610801697,0.7853557467460632,1.4694288969039917,0.34765625,9.786320686340332,-0.8234673738479614,-14.84921646118164,0.25359416007995605,-14.589887619018555,-56.591915130615234,4.457991600036621,68300
12.946439743041992,0.363895058631897,0.023227453231811523,-2.183764934539795,5.26953125,365.5157470703125,0.6112684011459351,0.5514392852783203,-11.821150779724121,0.6498469114303589,0.7801113128662109,1.3185054063796997,0.31640625,15.154645919799805,-0.8947507739067078,-6.766750335693359,0.30354636907577515,-17.98028564453125,-68.70540618896484,3.1215105056762695,68400
9.998111724853516,0.2215138077735901,0.12437951564788818,-1.9059172868728638,3.4609375,480.85797119140625,1.1933786869049072,1.298055648803711,-13.331088066101074,0.8490669131278992,0.8025798797607422,1.656398057937622,0.34765625,10.057312965393066,-0.8988218307495117,-12.302421569824219,0.3511170446872711,-19.657236099243164,-66.83734130859375,8.819679260253906,68500
9.315890312194824,0.18721795082092285,0.024814335629343987,-2.2331740856170654,5.12109375,290.3001403808594,0.08623896539211273,-0.014438629150390625,-12.499238967895508,0.710049569606781,0.8146950006484985,1.3328707218170166,0.30078125,4.370307922363281,-0.8951935768127441,-6.977829456329346,0.2533835172653198,-16.238784790039062,-57.454071044921875,2.5071778297424316,68600
6.97440242767334,0.2763116955757141,0.01727697253227234,-2.118053913116455,5.19140625,295.58154296875,-0.6185042262077332,-0.037235260009765625,-12.578680038452148,0.7482545375823975,0.8223501443862915,1.4981746673583984,0.3515625,3.5515708923339844,-0.825770378112793,-16.82208251953125,0.49601179361343384,-17.292465209960938,-72.39750671386719,3.492356777191162,68700
8.291762351989746,0.3732588589191437,0.06258344650268555,-1.9799938201904297,4.02734375,290.2140808105469,-0.19698387384414673,-0.44463634490966797,-11.871063232421875,0.6486604809761047,0.8048133850097656,1.3883165121078491,0.33203125,3.9797706604003906,-0.9000526666641235,-10.119446754455566,0.16718026995658875,-18.828998565673828,-67.68424987792969,2.8213205337524414,68800
10.388500213623047,0.27673447132110596,0.11428552865982056,-2.1231529712677,4.55859375,322.16510009765625,0.32403117418289185,0.2102823257446289,-13.010965347290039,0.7838742136955261,0.8052290081977844,1.4304910898208618,0.3359375,8.52536392211914,-0.7079252004623413,-7.2030181884765625,0.09575239568948746,-18.581483840942383,-67.82855224609375,3.5124378204345703,68900
9.430658340454102,0.25438663363456726,0.057633399963378906,-1.7467613220214844,3.91015625,417.04034423828125,0.4158388078212738,0.6236038208007812,-13.153023719787598,0.802764892578125,0.8033275604248047,1.8229999542236328,0.33984375,5.772838592529297,-1.107785940170288,-12.33949089050293,0.09667574614286423,-20.58133888244629,-70.88894653320312,5.012030124664307,69000
6.111574649810791,0.26961269974708557,0.06606388092041016,-2.6261157989501953,4.8515625,411.91864013671875,0.6427155137062073,0.6402873992919922,-12.307323455810547,0.729161262512207,0.8132560849189758,1.4990686178207397,0.33203125,8.251143455505371,-0.7757673263549805,-9.47446060180664,0.3342323303222656,-16.718631744384766,-69.84395599365234,3.9778318405151367,69100
7.216224670410156,0.15115928649902344,0.00286865234375,-2.244692325592041,4.765625,325.84197998046875,0.6686091423034668,0.2721824645996094,-12.278779983520508,0.7033323049545288,0.8183805346488953,1.405449390411377,0.30078125,7.984406471252441,-0.7912923693656921,-15.418855667114258,0.36809247732162476,-17.493005752563477,-61.48475646972656,4.358776092529297,69200
8.727740287780762,0.1166008934378624,0.024293243885040283,-2.1576128005981445,4.68359375,302.3537292480469,-0.2583460807800293,0.043913960456848145,-12.167084693908691,0.6623677611351013,0.8006061911582947,1.7120580673217773,0.28515625,14.363319396972656,-1.1354894638061523,-16.834699630737305,0.35819095373153687,-18.253278732299805,-59.11429214477539,5.84927225112915,69300
8.037052154541016,0.16428565979003906,0.03816036134958267,-1.9999600648880005,4.72265625,374.66888427734375,0.2608114182949066,-0.09013938903808594,-13.271904945373535,0.8100923895835876,0.7893867492675781,1.7480841875076294,0.34375,6.555751800537109,-0.7165247797966003,-10.488868713378906,0.4428383409976959,-21.172039031982422,-61.22633361816406,4.918097019195557,69400
6.685998916625977,0.06820887327194214,0.024207592010498047,-1.8361759185791016,3.640625,308.9884033203125,-0.2079792022705078,-0.05049264430999756,-12.697966575622559,0.7858387231826782,0.8155364990234375,1.537198543548584,0.265625,6.47431755065918,-0.9876397252082825,-10.558183670043945,0.24431157112121582,-20.152202606201172,-70.3590316772461,3.8413119316101074,69500
8.924041748046875,0.1969148963689804,0.11427009105682373,-1.7423075437545776,3.171875,319.22564697265625,0.26675522327423096,0.4780855178833008,-12.138558387756348,0.686510443687439,0.8168177604675293,1.9727647304534912,0.40625,10.256392478942871,-0.3756564259529114,-34.440452575683594,0.7780932188034058,-20.82320213317871,-67.74212646484375,9.994277954101562,69600
5.218197345733643,0.08726589381694794,0.0628708079457283,-1.4715938568115234,2.80859375,367.18792724609375,-0.35836103558540344,-0.07048448920249939,-12.833452224731445,0.7245771288871765,0.8072722554206848,1.4202418327331543,0.3359375,3.9992218017578125,-0.9378429651260376,-10.89767074584961,0.7719863653182983,-19.968612670898438,-71.26303100585938,2.8332443237304688,69700
9.042696952819824,0.10403652489185333,0.040284231305122375,-2.124744176864624,4.83984375,338.1511535644531,-0.07873102277517319,0.4223976135253906,-11.903629302978516,0.6591021418571472,0.7972657084465027,1.2920560836791992,0.359375,4.835840225219727,-0.8686426877975464,-6.899614334106445,0.29328814148902893,-17.002452850341797,-68.9041519165039,2.19327449798584,69800
6.918362140655518,0.013559181243181229,0.006808474659919739,-2.0053658485412598,3.90625,297.16015625,-0.5059159994125366,-0.2113264501094818,-12.302923202514648,0.7197081446647644,0.7900204658508301,1.5571835041046143,0.359375,10.890775680541992,-0.9166139364242554,-20.076818466186523,0.2268596738576889,-16.914119720458984,-72.4184799194336,4.717438220977783,69900
10.460420608520508,0.3095971345901489,0.00034552812576293945,-2.284691333770752,4.87109375,311.76678466796875,-0.22649800777435303,0.052155494689941406,-11.56623649597168,0.6069716811180115,0.8046823740005493,1.4194904565811157,0.35546875,7.733192443847656,-0.7227701544761658,-11.641072273254395,0.5603548884391785,-16.771102905273438,-69.81858825683594,3.787940502166748,70000
6.632622241973877,-0.003760017454624176,0.009032726287841797,-2.075653076171875,5.515625,318.01824951171875,0.17844928801059723,0.02576303482055664,-11.651128768920898,0.616104781627655,0.7837928533554077,1.6736705303192139,0.30859375,4.645139694213867,-1.2042999267578125,-19.488691329956055,-0.050009921193122864,-19.784053802490234,-71.33515167236328,3.924478054046631,70100
13.766888618469238,0.4389951825141907,0.11825907230377197,-2.345376968383789,5.43359375,315.6365966796875,-0.12209087610244751,0.11462783813476562,-11.914993286132812,0.6520015597343445,0.7957928776741028,1.6187934875488281,0.33984375,4.575039863586426,-0.9976755976676941,-9.141519546508789,0.14320822060108185,-20.581066131591797,-70.13663482666016,3.750310182571411,70200
13.24251651763916,0.2502693235874176,0.013540267944335938,-2.586570978164673,5.9609375,338.28570556640625,0.45076417922973633,0.0666656494140625,-12.153526306152344,0.6930530667304993,0.813713550567627,1.4944096803665161,0.296875,7.658121109008789,-0.95890212059021,-6.7354350090026855,0.31307750940322876,-19.636659622192383,-57.01179504394531,4.149721622467041,70300
6.116034030914307,0.31629905104637146,0.04762774705886841,-2.074057102203369,4.89453125,376.86627197265625,0.9800376892089844,0.2510223388671875,-11.716461181640625,0.6336784362792969,0.8074707388877869,1.4162596464157104,0.3359375,4.042453765869141,-0.8210821151733398,-7.5011749267578125,0.466744601726532,-17.16913604736328,-55.89768600463867,2.7074592113494873,70400
6.107987880706787,0.3632776737213135,0.05290811508893967,-2.208357334136963,5.265625,349.65789794921875,-0.029605895280838013,0.21165919303894043,-12.196527481079102,0.6911266446113586,0.8086662292480469,1.4200165271759033,0.359375,11.945932388305664,-0.6629675030708313,-7.4770660400390625,0.26785808801651,-15.742436408996582,-65.54721069335938,3.915034770965576,70500
6.890183448791504,0.20237606763839722,0.04100322723388672,-2.1028201580047607,5.57421875,314.90911865234375,-0.3151760399341583,-0.15232229232788086,-12.196512222290039,0.7211780548095703,0.8080381751060486,1.3104692697525024,0.38671875,8.211256980895996,-0.6493655443191528,-6.384651184082031,0.23238179087638855,-16.395771026611328,-57.818809509277344,3.417050361633301,70600
8.366130828857422,0.05529862269759178,0.0019922666251659393,-2.252098560333252,5.28125,235.04798889160156,-0.203391432762146,-0.10398387908935547,-12.481453895568848,0.7116296291351318,0.8080843091011047,1.4303648471832275,0.3359375,5.814499378204346,-0.8582969903945923,-7.035892963409424,0.2457217127084732,-17.344459533691406,-72.5423812866211,3.087763547897339,70700
9.377080917358398,0.2937314212322235,0.06483221054077148,-2.069413185119629,5.125,333.84515380859375,0.26818200945854187,0.21589088439941406,-11.874931335449219,0.6729263663291931,0.8119918704032898,1.3584401607513428,0.40625,8.756032943725586,-0.6345229148864746,-6.975593566894531,0.2800963819026947,-16.99660301208496,-62.25136184692383,2.960378646850586,70800
13.740955352783203,0.10994961857795715,0.00797581672668457,-1.9439823627471924,4.203125,339.30487060546875,0.13112862408161163,0.3787422180175781,-12.703798294067383,0.7511283755302429,0.811714768409729,1.424971103668213,0.33203125,8.525627136230469,-0.7894877791404724,-8.86781120300293,-0.06570960581302643,-20.398103713989258,-56.54682922363281,3.822361469268799,70900
12.817667961120605,0.5675481557846069,0.216621994972229,-2.013033390045166,3.70703125,319.42852783203125,-0.22119244933128357,-0.05982208251953125,-11.723066329956055,0.6726198792457581,0.8131073117256165,1.5484509468078613,0.375,5.1371612548828125,-0.847080647945404,-16.795719146728516,0.3267999291419983,-17.609485626220703,-68.56275939941406,3.8286538124084473,71000
9.034845352172852,0.3400994539260864,0.03789162635803223,-2.4417238235473633,4.1640625,285.8008117675781,0.10648373514413834,0.21947383880615234,-11.945869445800781,0.6861563920974731,0.8002129793167114,1.405444622039795,0.37890625,4.6399078369140625,-0.697284460067749,-12.34023666381836,0.1641618311405182,-17.26229476928711,-57.519493103027344,3.327066421508789,71100
9.512002944946289,0.11248914897441864,0.021805763244628906,-1.991491675376892,4.0234375,272.25439453125,-0.09201232343912125,0.13389968872070312,-11.708285331726074,0.631698727607727,0.7813483476638794,1.3598079681396484,0.3359375,3.9391422271728516,-0.8216687440872192,-6.112834930419922,0.5967358946800232,-20.88629150390625,-61.23691177368164,2.4046549797058105,71200
7.468573570251465,0.1577865183353424,0.017570529133081436,-2.072996139526367,4.59765625,361.54656982421875,0.3027035593986511,0.1066122055053711,-12.765578269958496,0.7636276483535767,0.7927910089492798,1.4374645948410034,0.34375,10.77597713470459,-0.7738970518112183,-8.071826934814453,0.14280834794044495,-18.677236557006836,-56.217247009277344,3.905813694000244,71300
8.506170272827148,0.34970253705978394,0.042907487601041794,-2.067643404006958,3.94921875,311.3522033691406,0.15319278836250305,-0.04915046691894531,-13.362735748291016,0.8311709761619568,0.8024082183837891,1.6709370613098145,0.36328125,11.24868392944336,-0.4906986653804779,-9.016651153564453,0.04530493915081024,-19.219968795776367,-72.25959014892578,4.387628555297852,71400
8.160612106323242,0.1269209235906601,0.06207084655761719,-2.28513240814209,5.0546875,313.2718505859375,0.4637572467327118,0.49964332580566406,-12.091047286987305,0.6775402426719666,0.8077592253684998,1.4200849533081055,0.3515625,4.450111389160156,-0.9612337946891785,-9.569377899169922,0.3015565276145935,-15.346595764160156,-53.45721435546875,3.086531400680542,71500
7.7649431228637695,0.12084578722715378,0.08211314678192139,-2.1179323196411133,5.52734375,288.501953125,-0.3456288278102875,-0.42069435119628906,-11.98194694519043,0.6609665751457214,0.7829349637031555,1.565266489982605,0.3125,8.237154960632324,-0.8751094341278076,-17.723899841308594,0.15231925249099731,-19.78450584411621,-70.07644653320312,4.49264669418335,71600
7.85707950592041,-0.02931443601846695,-0.000888139009475708,-2.1710145473480225,6.171875,305.07562255859375,-0.11557650566101074,-0.04589103162288666,-13.131207466125488,0.7913222908973694,0.7845832705497742,1.3562581539154053,0.29296875,4.575078964233398,-0.997052788734436,-10.733627319335938,0.3171837329864502,-17.0001220703125,-72.38626861572266,2.862042188644409,71700
10.84924602508545,0.3615407347679138,0.0626983642578125,-2.1026089191436768,4.3828125,329.11102294921875,0.5487108826637268,0.4978046417236328,-12.68915843963623,0.7663630843162537,0.7970443367958069,1.548701524734497,0.31640625,13.182769775390625,-0.7897498607635498,-7.497838020324707,0.5572956800460815,-19.14876937866211,-56.852264404296875,5.347381114959717,71800
8.457889556884766,0.018145307898521423,0.004299238324165344,-2.1624302864074707,4.4765625,289.5919189453125,0.17717984318733215,0.07775870710611343,-11.802948951721191,0.6514971852302551,0.7952024936676025,1.3720653057098389,0.3046875,10.197290420532227,-0.8729344606399536,-9.126731872558594,0.6213654279708862,-18.24170684814453,-70.67719268798828,3.2750983238220215,71900
8.12891960144043,0.09659348428249359,0.022758305072784424,-2.3047914505004883,4.96484375,305.8614807128906,0.5538166761398315,0.20943069458007812,-12.103232383728027,0.7014285922050476,0.7898012399673462,1.7013901472091675,0.2890625,6.496131896972656,-1.0797406435012817,-13.424909591674805,0.06927700340747833,-18.964439392089844,-68.90103912353516,4.649641513824463,72000
8.425776481628418,0.3586212396621704,0.12575650215148926,-2.269273042678833,5.65234375,341.47235107421875,-0.21843963861465454,0.19608783721923828,-12.145952224731445,0.6852893829345703,0.7977638840675354,1.4104118347167969,0.37109375,6.958115577697754,-0.7417919635772705,-9.546710014343262,0.26308193802833557,-18.088741302490234,-53.77322006225586,3.5643250942230225,72100
10.410837173461914,0.43830710649490356,0.10156872868537903,-2.2955703735351562,5.41015625,381.32073974609375,0.32902079820632935,0.08777999877929688,-12.45193862915039,0.7191516757011414,0.8009366393089294,1.4593586921691895,0.3203125,8.955909729003906,-0.7149372100830078,-6.866732597351074,0.971713125705719,-17.693218231201172,-54.372432708740234,4.114008903503418,72200
6.851385116577148,0.3192436099052429,0.12079280614852905,-1.719307541847229,4.01953125,316.6778259277344,0.12897706031799316,-0.12029838562011719,-11.892450332641602,0.6659820675849915,0.7925507426261902,1.305639624595642,0.375,8.309338569641113,-0.7400303483009338,-9.593185424804688,0.3965364098548889,-19.754806518554688,-69.36455535888672,3.709404706954956,72300
11.97354507446289,0.49197208881378174,0.25136756896972656,-1.7880487442016602,3.33203125,313.9007873535156,0.06519849598407745,0.14768457412719727,-12.099969863891602,0.695451557636261,0.7854399085044861,1.5701422691345215,0.38671875,7.398784637451172,-0.8799866437911987,-30.85642433166504,0.39124512672424316,-18.77147102355957,-61.49061584472656,5.547760963439941,72400
4.393247604370117,0.11188998818397522,0.023470178246498108,-1.3963699340820312,3.06640625,385.977783203125,1.0100232362747192,0.5795364379882812,-11.715509414672852,0.6469544768333435,0.7824840545654297,1.5039005279541016,0.34765625,3.63897705078125,-0.9652474522590637,-11.562824249267578,0.11664554476737976,-19.589218139648438,-68.83875274658203,3.0528573989868164,72500
12.295488357543945,0.4953286945819855,0.11958709359169006,-1.895639419555664,4.25,373.23028564453125,-0.37010717391967773,-0.3046445846557617,-13.321817398071289,0.8242838978767395,0.7899661660194397,1.6582752466201782,0.30859375,6.29914665222168,-0.9652750492095947,-12.232748031616211,0.6503962874412537,-15.682245254516602,-71.94438171386719,4.681702613830566,72600
8.193100929260254,0.13013601303100586,-0.003529909998178482,-2.2150044441223145,5.44921875,388.73199462890625,0.5771260857582092,0.6400346755981445,-13.191289901733398,0.829995334148407,0.8075685501098633,1.326557993888855,0.390625,8.881362915039062,-0.7134788036346436,-5.957015037536621,0.26103222370147705,-17.410696029663086,-54.610172271728516,3.0167293548583984,72700
9.356417655944824,0.3803918957710266,0.09044159948825836,-1.9926689863204956,4.37109375,336.19451904296875,0.20621606707572937,-0.06423187255859375,-11.932544708251953,0.6817745566368103,0.8108267188072205,1.648749589920044,0.33984375,10.571725845336914,-0.7037195563316345,-12.424602508544922,0.041392937302589417,-18.57052230834961,-67.94235229492188,4.755941867828369,72800
5.854833602905273,0.013099629431962967,0.01895427703857422,-2.2204198837280273,4.4140625,289.2685852050781,0.6095539927482605,0.08502197265625,-11.876564025878906,0.671667218208313,0.8161209225654602,1.4425206184387207,0.37109375,5.28316068649292,-0.7890082001686096,-12.129853248596191,0.2844650149345398,-18.027347564697266,-55.449363708496094,3.5202250480651855,72900
5.327527046203613,0.012764181941747665,0.005270957946777344,-1.5805659294128418,3.51953125,339.0687255859375,-0.10974511504173279,0.18560028076171875,-11.743545532226562,0.628297746181488,0.8068041205406189,1.7356986999511719,0.3203125,3.385051727294922,-1.3040668964385986,-43.67931365966797,0.29253044724464417,-20.9522705078125,-72.20704650878906,8.402166366577148,73000
9.663703918457031,0.20624589920043945,0.03948545455932617,-2.064052104949951,4.89453125,274.15509033203125,-0.4127328395843506,-0.029237747192382812,-11.779916763305664,0.656744658946991,0.7903789281845093,1.2383157014846802,0.36328125,4.708599090576172,-0.7040591835975647,-7.3104658126831055,0.2052777111530304,-17.982131958007812,-70.90714263916016,2.619736433029175,73100
5.952383518218994,0.24418292939662933,0.09123224020004272,-2.001650333404541,4.48046875,369.9524841308594,0.8339226245880127,0.9114058017730713,-11.864110946655273,0.6520781517028809,0.8008055686950684,1.1601223945617676,0.34375,3.7340850830078125,-0.7378564476966858,-9.958589553833008,0.010013110935688019,-17.526905059814453,-68.72232055664062,2.135711669921875,73200
7.587784767150879,0.026919808238744736,0.002295255661010742,-2.50028133392334,5.0,252.75926208496094,-0.1674421727657318,0.05650857090950012,-12.095355987548828,0.7154470682144165,0.818620502948761,1.4877102375030518,0.36328125,4.535396575927734,-0.8778150677680969,-12.16240406036377,-0.051404260098934174,-15.673133850097656,-71.56830596923828,3.175506353378296,73300
8.201345443725586,0.28999918699264526,0.00968615710735321,-2.142388343811035,5.7578125,322.5641784667969,0.420427531003952,0.34056758880615234,-11.108550071716309,0.5702292919158936,0.7994791269302368,1.478448510169983,0.29296875,5.367562770843506,-0.9901511669158936,-10.683675765991211,0.10204870998859406,-16.902114868164062,-55.6170539855957,3.0949907302856445,73400
8.072051048278809,0.2327919602394104,0.015778109431266785,-1.8897294998168945,3.734375,290.0235595703125,-0.8072888255119324,-0.13274765014648438,-11.641847610473633,0.6159535646438599,0.7809792160987854,1.2038344144821167,0.3828125,5.91874885559082,-0.6193280816078186,-6.010673522949219,0.28726646304130554,-15.54159927368164,-68.0191650390625,2.277892589569092,73500
5.979640007019043,0.08522570133209229,0.020284421741962433,-2.1925277709960938,5.08984375,261.58349609375,-0.5500884652137756,-0.5089178085327148,-11.564502716064453,0.6145564913749695,0.7810536623001099,1.461783528327942,0.34765625,5.850555419921875,-0.9108551740646362,-9.927675247192383,0.24780488014221191,-15.153424263000488,-69.29930114746094,3.9461891651153564,73600
6.055391311645508,0.04131589084863663,0.03115144371986389,-1.9055051803588867,4.73046875,392.5043640136719,-0.5164923071861267,-0.027956008911132812,-12.09740161895752,0.6568859219551086,0.7907180786132812,1.4344382286071777,0.33984375,7.978336334228516,-0.8902941346168518,-8.249320983886719,0.5724605321884155,-17.960372924804688,-58.515193939208984,3.1328444480895996,73700
9.007819175720215,0.2154531627893448,-0.002000585198402405,-2.237468719482422,3.8984375,326.90228271484375,0.5385443568229675,0.4323291778564453,-11.981760025024414,0.6675963997840881,0.8090381622314453,1.5377912521362305,0.36328125,19.671337127685547,-0.7008711099624634,-14.912190437316895,0.4021843671798706,-18.316579818725586,-63.716304779052734,5.787737846374512,73800
7.9199724197387695,0.09237515926361084,0.0886845588684082,-1.5808571577072144,2.9140625,418.11602783203125,0.4478897154331207,0.26973915100097656,-13.250911712646484,0.8132076263427734,0.8018320202827454,1.7720482349395752,0.234375,7.993536949157715,-1.4369858503341675,-19.256263732910156,0.5063512921333313,-21.905906677246094,-67.41825866699219,6.3434858322143555,73900
8.993494033813477,0.20784705877304077,0.010561257600784302,-2.2644643783569336,5.38671875,304.8815002441406,-0.3825269937515259,0.1843280792236328,-12.096731185913086,0.7235891222953796,0.8012265563011169,1.4048393964767456,0.34375,5.652956008911133,-0.6708055138587952,-6.7929534912109375,0.2860526144504547,-18.984037399291992,-70.82915496826172,2.598447799682617,74000
6.5164642333984375,-0.0130806565284729,0.02065044641494751,-2.2348268032073975,4.6953125,248.1123809814453,-0.26114383339881897,0.07122611999511719,-12.06399917602539,0.6804401278495789,0.802543580532074,1.3830435276031494,0.34765625,8.01948356628418,-0.7785618305206299,-12.209513664245605,0.5210641622543335,-18.446544647216797,-60.947391510009766,3.7861342430114746,74100
15.603899002075195,0.2934340834617615,0.039169952273368835,-2.26428484916687,5.7578125,305.1339111328125,-0.2581953704357147,0.10279703140258789,-11.973015785217285,0.689308226108551,0.7926747798919678,1.463047742843628,0.37890625,15.61420726776123,-0.7523400783538818,-7.912996292114258,0.20993688702583313,-18.13692855834961,-61.732933044433594,3.9430224895477295,74200
7.097261428833008,0.3532079756259918,0.04087212681770325,-1.3706247806549072,2.77734375,403.79901123046875,0.26425600051879883,0.24477005004882812,-12.638437271118164,0.7659162282943726,0.7880300879478455,1.6119147539138794,0.34765625,5.951573371887207,-1.034590721130371,-13.144630432128906,0.49855056405067444,-20.44150161743164,-67.3812255859375,3.47135591506958,74300
8.717012405395508,0.02508603036403656,0.019809700548648834,-2.097165822982788,4.97265625,259.3680419921875,-0.5583770275115967,-0.3626422882080078,-12.363386154174805,0.7218336462974548,0.8119741678237915,1.4353773593902588,0.33203125,11.489835739135742,-0.7626412510871887,-12.46983814239502,0.007089368999004364,-17.82067108154297,-57.3001708984375,4.342162132263184,74400
10.955479621887207,0.2880474925041199,0.03874381631612778,-1.976489543914795,3.53125,384.86322021484375,0.7859653830528259,0.37176513671875,-12.111778259277344,0.6769591569900513,0.8088321089744568,1.4140582084655762,0.36328125,3.2714900970458984,-0.8519448041915894,-12.327716827392578,0.3115033805370331,-17.49694061279297,-72.99240112304688,2.9593167304992676,74500
11.132543563842773,0.2127324640750885,0.023092061281204224,-2.10994291305542,4.3046875,320.161865234375,-0.007350921630859375,0.09809684753417969,-12.488813400268555,0.711208164691925,0.8039472699165344,1.6578681468963623,0.31640625,6.071276664733887,-1.088578701019287,-25.75597381591797,0.7245306968688965,-19.94098663330078,-68.7634506225586,5.118619918823242,74600
10.829078674316406,0.26246851682662964,0.039177775382995605,-2.380854606628418,5.5234375,269.26800537109375,-0.45724815130233765,-0.18807506561279297,-12.485767364501953,0.7534533739089966,0.8006148338317871,1.289583683013916,0.34375,5.194324493408203,-0.7487635016441345,-6.720964431762695,0.10481693595647812,-16.576393127441406,-57.9349250793457,2.797614336013794,74700
8.955180168151855,0.26717373728752136,0.05576825141906738,-2.1477949619293213,4.2734375,363.77947998046875,0.2991645038127899,0.43178749084472656,-11.767736434936523,0.6412200927734375,0.7978214621543884,1.4433265924453735,0.33984375,5.253154754638672,-0.8259899616241455,-7.7931976318359375,-0.07540047913789749,-19.33730697631836,-66.99498748779297,3.5941321849823,74800
8.588583946228027,0.19609102606773376,0.02156355232000351,-2.1470839977264404,4.9921875,322.272216796875,-0.47924160957336426,0.21413421630859375,-12.230451583862305,0.6777980327606201,0.7962164878845215,1.376281499862671,0.296875,4.7457122802734375,-1.0349551439285278,-9.537662506103516,1.0328269004821777,-18.487897872924805,-70.90135955810547,3.23117733001709,74900
5.538208961486816,0.27652043104171753,0.017481520771980286,-0.9866819381713867,1.59375,395.409912109375,0.9753856658935547,0.5495491027832031,-12.317102432250977,0.6878615021705627,0.7948867082595825,1.6611320972442627,0.328125,4.327619552612305,-1.2083462476730347,-14.026226043701172,0.49841946363449097,-24.950605392456055,-71.47760009765625,3.249138116836548,75000
8.174516677856445,0.2440459132194519,0.008301198482513428,-2.3758811950683594,6.6328125,355.97979736328125,0.1488189399242401,-0.36703014373779297,-13.190938949584961,0.7956345677375793,0.7967560887336731,1.4926608800888062,0.34375,5.301205635070801,-0.7574237585067749,-17.65880012512207,0.434928297996521,-17.655900955200195,-70.35482025146484,5.000622749328613,75100
10.08269214630127,0.52424156665802,0.06292225420475006,-1.8064531087875366,4.265625,357.997802734375,0.577980101108551,-0.0010016411542892456,-12.655203819274902,0.7146095037460327,0.8194759488105774,1.3369611501693726,0.35546875,6.413797378540039,-0.8268653154373169,-7.819976806640625,0.10743511468172073,-18.449596405029297,-73.34228515625,3.0042238235473633,75200
6.530186653137207,0.04779469221830368,0.013874329626560211,-2.194035053253174,5.5078125,323.35748291015625,0.38967180252075195,0.5668725967407227,-11.511795997619629,0.6174159646034241,0.8000575304031372,1.3843822479248047,0.3828125,12.485404968261719,-0.6291797757148743,-8.70425033569336,0.20400118827819824,-15.589141845703125,-58.568580627441406,4.126715660095215,75300
11.492918014526367,0.29556959867477417,0.07029366493225098,-2.2070670127868652,4.375,254.49310302734375,-0.14231598377227783,-0.01919269561767578,-11.837104797363281,0.6451372504234314,0.7843001484870911,1.429727554321289,0.41796875,7.4067230224609375,-0.8058820962905884,-16.851133346557617,0.12966349720954895,-18.049488067626953,-70.15849304199219,3.75770902633667,75400
8.089472770690918,0.20148015022277832,0.0015925988554954529,-1.9399893283843994,4.68359375,303.02691650390625,-0.20761170983314514,0.014820098876953125,-12.619384765625,0.7305693030357361,0.7864145636558533,1.3562705516815186,0.3359375,3.6973743438720703,-0.8681701421737671,-18.198104858398438,0.40931785106658936,-19.355989456176758,-64.80667114257812,2.921661615371704,75500
7.253872871398926,0.20528459548950195,0.08902278542518616,-2.0973997116088867,6.09765625,261.6058654785156,-0.01539255678653717,-0.3183174133300781,-11.43895149230957,0.6020018458366394,0.7744502425193787,1.4851911067962646,0.33203125,5.496580123901367,-1.0459495782852173,-15.400981903076172,0.20225366950035095,-16.295562744140625,-71.72794342041016,3.8362889289855957,75600
8.901891708374023,0.192734032869339,0.02707827091217041,-2.2866294384002686,5.359375,345.7471618652344,0.5146780610084534,0.32006025314331055,-11.850899696350098,0.6722157001495361,0.771617591381073,1.4366159439086914,0.359375,9.100370407104492,-0.7759929299354553,-16.226173400878906,0.10789552330970764,-15.569230079650879,-54.93046188354492,3.942671060562134,75700
7.463919639587402,0.32573825120925903,0.00691908597946167,-1.9351506233215332,3.9375,285.23089599609375,-0.5428414344787598,-0.007993698120117188,-13.506265640258789,0.8050710558891296,0.7739048600196838,1.4551818370819092,0.328125,7.673105239868164,-0.9017031788825989,-9.56793212890625,-0.10847506672143936,-15.020487785339355,-56.68394088745117,3.335216999053955,75800
7.125,0.2648540139198303,0.04326599836349487,-1.8610215187072754,4.5078125,330.41693115234375,0.20937395095825195,0.05081641674041748,-11.614038467407227,0.6277716755867004,0.794771134853363,1.353289008140564,0.36328125,5.38790225982666,-0.743212878704071,-16.57656478881836,0.07637248188257217,-14.216045379638672,-52.51857376098633,3.587073802947998,75900
9.565942764282227,0.2299022078514099,0.0208759605884552,-2.1275596618652344,5.5,359.2738037109375,0.021777212619781494,0.13489723205566406,-12.025077819824219,0.7102252244949341,0.7875856161117554,1.443446159362793,0.34765625,4.201700210571289,-0.7902763485908508,-7.038534164428711,0.20788508653640747,-17.683629989624023,-69.52017974853516,2.708754301071167,76000
15.234596252441406,0.43489086627960205,0.029909707605838776,-2.3543169498443604,6.25390625,326.4903564453125,0.3748762011528015,0.04364633560180664,-12.93714427947998,0.8040375709533691,0.805783748626709,1.6023898124694824,0.28125,6.125945091247559,-0.8150972127914429,-14.280328750610352,0.4034912884235382,-18.595115661621094,-71.46572875976562,4.7063703536987305,76100
7.641687393188477,0.06130830571055412,0.016603348776698112,-1.9379682540893555,4.49609375,309.4770812988281,-0.24976485967636108,0.012582674622535706,-11.744717597961426,0.6166869401931763,0.8110752105712891,1.3410396575927734,0.33984375,4.0051374435424805,-0.7652778625488281,-4.808333396911621,0.44026321172714233,-20.93728256225586,-72.09375,2.338994264602661,76200
10.667299270629883,0.047735199332237244,0.03179359436035156,-2.4537148475646973,4.85546875,337.6236877441406,0.489840567111969,0.305635929107666,-12.098638534545898,0.7010356783866882,0.8051784634590149,1.4804495573043823,0.34375,6.669136047363281,-0.7095279693603516,-8.78602409362793,0.4327552318572998,-17.978687286376953,-59.461055755615234,3.83184552192688,76300
8.819424629211426,0.5401420593261719,0.013247966766357422,-2.3531126976013184,5.64453125,339.6368103027344,-0.19251102209091187,0.13224411010742188,-11.811820983886719,0.6326634287834167,0.8045482635498047,1.4024293422698975,0.33984375,28.115318298339844,-0.6533921957015991,-5.9756011962890625,0.33353766798973083,-17.268543243408203,-63.79996109008789,4.493066787719727,76400
7.728671073913574,0.3927765488624573,0.10080459713935852,-2.2246885299682617,5.32421875,269.3177490234375,-0.4136977791786194,-0.20348119735717773,-11.770648002624512,0.6418086886405945,0.7797063589096069,1.3583742380142212,0.328125,5.978757858276367,-0.7005646228790283,-8.744251251220703,0.2446993589401245,-16.516447067260742,-72.5125961303711,3.2772467136383057,76500
9.066696166992188,0.1900848150253296,0.020844995975494385,-2.0548946857452393,4.36328125,307.43096923828125,-0.26181870698928833,0.2609281539916992,-12.426087379455566,0.7066788077354431,0.7656235098838806,1.641068935394287,0.32421875,7.106553077697754,-0.8773311376571655,-17.097888946533203,0.3370226323604584,-19.6651611328125,-72.66375732421875,5.329780578613281,76600
8.940420150756836,0.16979503631591797,0.0006651580333709717,-2.1499314308166504,5.015625,346.79864501953125,-0.26703470945358276,0.2305316925048828,-12.266468048095703,0.6903207898139954,0.7823707461357117,1.3252005577087402,0.2734375,6.227169036865234,-0.9209091067314148,-6.733646392822266,0.46677160263061523,-18.8311767578125,-68.08670806884766,2.9926297664642334,76700
6.11876106262207,-0.10736721009016037,-0.020513057708740234,-2.483107805252075,5.99609375,282.8741455078125,-0.21008950471878052,0.18654918670654297,-11.785655975341797,0.6567444205284119,0.7827721834182739,1.4588115215301514,0.29296875,9.354310989379883,-0.8011149168014526,-6.693521022796631,0.6424161195755005,-19.36939239501953,-51.938053131103516,3.3797848224639893,76800
14.440839767456055,0.24212974309921265,0.05707073211669922,-2.6707844734191895,4.6875,342.95562744140625,-0.4663302004337311,-0.5370874404907227,-12.546170234680176,0.7927162051200867,0.8020855188369751,1.6656279563903809,0.3828125,13.160794258117676,-0.46932804584503174,-10.562609672546387,0.09570078551769257,-22.130634307861328,-61.9078369140625,7.617517948150635,76900
9.013790130615234,0.1266215294599533,0.05531883239746094,-2.1749613285064697,4.9609375,346.14727783203125,0.3871813416481018,0.3984648287296295,-12.168210983276367,0.7040504813194275,0.8262057304382324,1.4417028427124023,0.33984375,7.4431843757629395,-0.8157470226287842,-17.962358474731445,0.10196005553007126,-16.332046508789062,-56.64350891113281,4.238316535949707,77000
8.786569595336914,0.10694903135299683,0.031613148748874664,-2.348792314529419,6.5703125,244.08795166015625,-0.24923506379127502,0.022113800048828125,-11.058835983276367,0.5606363415718079,0.7969520688056946,1.5426480770111084,0.3046875,9.012529373168945,-0.8795194625854492,-19.204587936401367,0.2112152874469757,-17.12308120727539,-73.06783294677734,4.543308734893799,77100
5.395830154418945,0.3764781355857849,0.22467708587646484,-1.2335351705551147,2.30859375,393.83636474609375,0.3833175003528595,0.08870887756347656,-12.083189964294434,0.6853014826774597,0.7679752707481384,1.4248048067092896,0.35546875,5.086812973022461,-0.7104805707931519,-12.002010345458984,0.23033252358436584,-20.287002563476562,-62.37249755859375,5.0629777908325195,77200
9.634725570678711,0.36269307136535645,0.17861461639404297,-1.4103419780731201,2.74609375,315.24560546875,-0.6024791598320007,-0.042775481939315796,-11.458538055419922,0.5969832539558411,0.7511410713195801,1.4825255870819092,0.3671875,3.859027862548828,-1.0565104484558105,-19.46457290649414,0.12012095004320145,-19.793899536132812,-71.462646484375,3.666846990585327,77300
8.55081558227539,0.2160804271697998,0.12410736083984375,-2.221096992492676,6.20703125,298.728759765625,-0.15803661942481995,-0.07835507392883301,-11.588109970092773,0.6148956418037415,0.7475051879882812,1.1905949115753174,0.40234375,5.261140823364258,-0.509955644607544,-5.223337173461914,0.35746610164642334,-16.31917381286621,-57.13777160644531,2.57928729057312,77400
6.291849136352539,0.11415066570043564,0.005427360534667969,-2.1936748027801514,4.23828125,272.0841979980469,-0.5213665962219238,-0.4439973831176758,-12.158685684204102,0.6804718971252441,0.7535309791564941,1.238440752029419,0.296875,3.4495372772216797,-0.8667728900909424,-6.359745025634766,0.18492744863033295,-16.970378875732422,-62.93229293823242,2.3605120182037354,77500
7.702607154846191,0.316697359085083,0.06294050812721252,-2.123328924179077,5.265625,307.7080383300781,-0.022063270211219788,-0.19791793823242188,-12.03347110748291,0.6574081778526306,0.7639649510383606,1.1442111730575562,0.33203125,8.899528503417969,-0.6793097257614136,-7.1007232666015625,0.48680785298347473,-16.5644474029541,-65.1326904296875,2.869929313659668,77600
10.225706100463867,0.055166661739349365,-0.004496276378631592,-2.0515336990356445,4.84375,432.4173583984375,1.4755072593688965,0.4009532928466797,-13.286540985107422,0.812911331653595,0.7751616835594177,1.3798810243606567,0.31640625,7.011810302734375,-0.7216293811798096,-10.244865417480469,0.7485038042068481,-21.080219268798828,-73.34521484375,3.347320556640625,77700
8.842049598693848,0.3351726830005646,0.1450672149658203,-2.0018227100372314,4.28125,307.59661865234375,-0.306441068649292,0.09672737121582031,-11.273164749145508,0.5968014597892761,0.7880479693412781,1.395257830619812,0.3203125,7.069177627563477,-0.9065592288970947,-11.261341094970703,0.2569736838340759,-17.069740295410156,-68.72496032714844,3.311743974685669,77800
8.297813415527344,-0.05030283331871033,0.023244917392730713,-2.0522756576538086,3.91015625,382.8266906738281,0.6035833358764648,0.5157146453857422,-12.609689712524414,0.7162403464317322,0.7722751498222351,1.5432977676391602,0.3359375,7.287853240966797,-0.81549072265625,-11.561537742614746,0.2790861129760742,-19.052885055541992,-69.05933380126953,4.481681823730469,77900
9.603900909423828,0.12208418548107147,0.05058085918426514,-2.189432382583618,5.60546875,331.3358459472656,-0.020081788301467896,0.13276386260986328,-12.604480743408203,0.7404432892799377,0.7878965735435486,1.3505046367645264,0.30078125,6.475971221923828,-0.8102738261222839,-7.8598785400390625,1.356184720993042,-19.681997299194336,-54.17815399169922,3.021207332611084,78000
8.80276107788086,0.21188995242118835,0.011806709691882133,-2.2933475971221924,4.875,307.64398193359375,0.10750383138656616,0.3090934753417969,-11.960391998291016,0.6684221625328064,0.7965083122253418,1.5696923732757568,0.28125,6.723565578460693,-0.8929193615913391,-9.10833740234375,0.8220721483230591,-18.926204681396484,-70.82477569580078,3.778172016143799,78100
10.419824600219727,0.4521533250808716,0.170501708984375,-1.4432528018951416,3.17578125,367.3394470214844,-0.40610238909721375,-0.01219940185546875,-11.93424129486084,0.6644346714019775,0.7847656607627869,1.8409686088562012,0.34765625,22.44732666015625,-0.6824382543563843,-14.403377532958984,0.9911842346191406,-23.09916114807129,-69.38438415527344,8.780757904052734,78200
11.020532608032227,0.47228506207466125,0.10353660583496094,-2.1726980209350586,5.33203125,364.72772216796875,0.3913149833679199,0.8497905731201172,-12.391854286193848,0.724306046962738,0.787499189376831,1.5511109828948975,0.3203125,11.4965238571167,-0.848357081413269,-7.457633018493652,0.12109461426734924,-18.281383514404297,-71.33255004882812,3.845099449157715,78300
6.949949264526367,0.2554035186767578,0.03483104705810547,-2.1148107051849365,4.89453125,319.331298828125,0.3256743550300598,0.5432109832763672,-11.873854637145996,0.6483389139175415,0.7833555936813354,1.2868472337722778,0.3515625,7.484561920166016,-0.7112661004066467,-5.602075576782227,0.2734985053539276,-17.420734405517578,-62.521484375,2.6202921867370605,78400
9.462696075439453,0.18566688895225525,0.07424834370613098,-2.039752721786499,5.43359375,293.0086975097656,-0.49552035331726074,0.0,-12.572921752929688,0.7081636786460876,0.7727217078208923,1.2983450889587402,0.34765625,7.757294654846191,-0.7520800828933716,-6.742918968200684,0.1568499505519867,-20.696781158447266,-70.09133911132812,3.1477131843566895,78500
9.57009506225586,0.3795892894268036,0.2122483253479004,-1.5264123678207397,3.62890625,476.29412841796875,1.1242358684539795,1.379878044128418,-12.069902420043945,0.6864117383956909,0.7817323803901672,1.4283013343811035,0.3203125,3.6746292114257812,-0.9639362692832947,-13.16203784942627,0.4239100217819214,-22.809917449951172,-73.91773986816406,3.474846839904785,78600
9.013345718383789,0.29281312227249146,0.02839517593383789,-2.1993532180786133,5.53125,274.733154296875,-0.9909014105796814,-0.6258461475372314,-12.406864166259766,0.7187833786010742,0.8081575632095337,1.3732655048370361,0.30859375,6.287571907043457,-0.8869385719299316,-10.476608276367188,0.8076591491699219,-16.280620574951172,-66.80720520019531,3.284583330154419,78700
10.396231651306152,0.194803848862648,0.02120441198348999,-1.8450968265533447,4.33203125,347.2268371582031,-0.034248948097229004,0.06608538329601288,-12.671825408935547,0.77391117811203,0.7940325140953064,1.4570024013519287,0.32421875,7.820898056030273,-0.9752625823020935,-7.66790771484375,0.039939917623996735,-19.871929168701172,-70.97047424316406,2.733187675476074,78800
7.690074920654297,0.19522640109062195,0.0605010986328125,-2.202465772628784,4.890625,309.83038330078125,-0.3153325915336609,-0.054821014404296875,-11.71667194366455,0.6556918025016785,0.7845304012298584,1.603949785232544,0.32421875,5.018446922302246,-0.8494113683700562,-14.057470321655273,0.5724360346794128,-20.487926483154297,-56.474124908447266,3.408808708190918,78900
7.885694980621338,0.17976891994476318,0.051978036761283875,-1.2356207370758057,1.99609375,349.74981689453125,0.40217214822769165,0.2982654571533203,-11.969766616821289,0.6513702273368835,0.7857420444488525,1.5746755599975586,0.33203125,9.532541275024414,-0.8590095639228821,-12.668910026550293,0.2036224752664566,-22.558223724365234,-68.39035034179688,4.39885139465332,79000
7.534231185913086,0.3197890818119049,0.028506815433502197,-1.855743646621704,4.27734375,318.2414855957031,-0.05997718870639801,0.3154726028442383,-12.087646484375,0.6494014859199524,0.8074550032615662,1.3692986965179443,0.34375,5.718973159790039,-0.7685701847076416,-12.204256057739258,0.333052396774292,-17.942970275878906,-67.59943389892578,3.0412583351135254,79100
6.827683925628662,0.1395600140094757,0.00570804625749588,-2.2983641624450684,5.5703125,277.47894287109375,-1.1254099607467651,-0.9413909912109375,-11.644039154052734,0.6450748443603516,0.7859830260276794,1.6470181941986084,0.34375,5.589781761169434,-1.1067965030670166,-21.50082015991211,0.2693026661872864,-12.897937774658203,-54.90566635131836,5.664389133453369,79200
6.719571113586426,0.5035902261734009,0.08250904083251953,-1.942596435546875,4.28515625,318.62786865234375,0.1307714283466339,0.2512331008911133,-11.826324462890625,0.6526751518249512,0.7762865424156189,1.5533716678619385,0.375,9.470447540283203,-0.9038923382759094,-13.366535186767578,0.1387319564819336,-18.383962631225586,-57.936222076416016,3.9470632076263428,79300
6.34251070022583,0.03242805600166321,0.005096793174743652,-2.3777523040771484,6.10546875,283.47259521484375,-0.26916420459747314,-0.2210092544555664,-12.119108200073242,0.722450315952301,0.7824496030807495,1.563136100769043,0.30078125,9.711271286010742,-1.0062346458435059,-13.568445205688477,0.9428174495697021,-18.057472229003906,-66.25202178955078,4.2605719566345215,79400
11.017075538635254,0.21243347227573395,0.04801297187805176,-2.070600986480713,4.08203125,297.13800048828125,-0.7841963768005371,-0.16745972633361816,-12.645285606384277,0.7555605173110962,0.7731947898864746,1.5625066757202148,0.29296875,17.18766975402832,-0.8964207768440247,-12.059314727783203,0.7032262086868286,-19.562393188476562,-70.69294738769531,5.264430046081543,79500
12.513826370239258,0.4756470322608948,0.06972861289978027,-1.958461046218872,4.078125,348.8328857421875,0.3498188257217407,0.0,-13.000068664550781,0.756816029548645,0.7772402167320251,1.576063871383667,0.3515625,10.82553768157959,-0.8145247101783752,-11.043896675109863,0.04072333872318268,-17.677322387695312,-52.835697174072266,5.3461103439331055,79600
10.678216934204102,0.27188464999198914,0.051287829875946045,-2.0024590492248535,4.26171875,348.37872314453125,0.3084574043750763,0.40451717376708984,-11.890308380126953,0.6445882320404053,0.778573751449585,1.4599686861038208,0.33984375,10.387063980102539,-0.8472012281417847,-13.526350021362305,0.6169787049293518,-15.804316520690918,-67.81011199951172,4.211743354797363,79700
9.999994277954102,0.3184654712677002,0.053062617778778076,-1.6274604797363281,3.25390625,433.3134460449219,0.9169847965240479,0.6457595825195312,-12.385710716247559,0.7336992025375366,0.7814532518386841,1.5285056829452515,0.33984375,3.6040115356445312,-1.0100641250610352,-13.08991813659668,0.4139362871646881,-19.038597106933594,-73.5434341430664,3.8338027000427246,79800
7.319835186004639,0.2745046615600586,0.06378315389156342,-1.6537303924560547,3.70703125,419.01708984375,1.1581084728240967,0.5684356689453125,-12.820487976074219,0.7516986727714539,0.7780230641365051,1.5077030658721924,0.33203125,6.429065704345703,-0.8817041516304016,-10.33372688293457,0.43684056401252747,-18.357994079589844,-69.5771713256836,2.9960155487060547,79900
10.53897476196289,0.22318202257156372,0.006070271134376526,-2.4302196502685547,4.31640625,352.4862365722656,0.64992755651474,0.49831390380859375,-11.67819595336914,0.6274802684783936,0.7909036874771118,1.6895220279693604,0.3046875,4.346152305603027,-0.8871713280677795,-7.625735759735107,0.0608767569065094,-18.3165340423584,-62.663578033447266,2.6748926639556885,80000
9.223800659179688,0.4050205945968628,0.08594560623168945,-2.167062759399414,4.97265625,361.4429016113281,0.6098746061325073,1.0746941566467285,-11.782304763793945,0.6725104451179504,0.7927901148796082,1.4487791061401367,0.34765625,5.341697692871094,-0.8566024303436279,-10.857598304748535,-0.07819148153066635,-18.861289978027344,-62.96213912963867,3.6977877616882324,80100
11.721921920776367,0.4291834831237793,0.02757212519645691,-2.160734176635742,4.54296875,390.77410888671875,1.0654621124267578,1.2089519500732422,-11.748924255371094,0.6502983570098877,0.7893857359886169,1.4527047872543335,0.37109375,11.636314392089844,-0.5992080569267273,-7.131252288818359,0.07027676701545715,-17.699783325195312,-67.09384155273438,4.463648796081543,80200
8.109109878540039,0.36834439635276794,0.07201170921325684,-1.7162784337997437,4.30078125,369.9665832519531,0.7150631546974182,0.4382801055908203,-12.296259880065918,0.6973789930343628,0.7771979570388794,1.513916254043579,0.3671875,11.260025978088379,-0.7317491769790649,-12.963632583618164,0.23701509833335876,-17.67536163330078,-67.48734283447266,5.478480815887451,80300
6.475745677947998,0.22675910592079163,0.07507339119911194,-2.299666404724121,5.18359375,309.96099853515625,0.05776902288198471,0.11549186706542969,-12.003859519958496,0.6642685532569885,0.7929188013076782,1.4251375198364258,0.3359375,6.321043968200684,-0.8088620901107788,-8.47841739654541,0.37897270917892456,-20.121490478515625,-72.84952545166016,3.155017852783203,80400
10.927444458007812,0.34293022751808167,0.02080528438091278,-2.3998897075653076,5.9453125,337.59539794921875,0.1357429325580597,0.49973106384277344,-11.946636199951172,0.6311139464378357,0.7942836880683899,1.49794340133667,0.27734375,4.98223876953125,-1.1119379997253418,-21.626747131347656,1.3712882995605469,-18.936756134033203,-73.15445709228516,3.7429299354553223,80500
8.098543167114258,0.0061501264572143555,0.005821734666824341,-1.9325556755065918,4.9140625,313.887451171875,-0.7224924564361572,-0.05658721923828125,-12.914567947387695,0.7638171315193176,0.7818915247917175,1.49496591091156,0.3671875,13.783682823181152,-0.6934577822685242,-13.818120956420898,0.34508273005485535,-18.155902862548828,-65.86549377441406,5.121905326843262,80600
12.383995056152344,0.3215214014053345,0.03983686491847038,-2.159512758255005,5.296875,245.92529296875,-0.6257261633872986,-0.44309520721435547,-11.601085662841797,0.634628415107727,0.7894453406333923,1.478324294090271,0.35546875,8.265854835510254,-0.946490466594696,-9.920639038085938,0.22251656651496887,-18.805805206298828,-55.87271499633789,3.4171299934387207,80700
11.978837013244629,0.11637093126773834,0.04000043869018555,-1.75571608543396,3.87890625,436.09820556640625,-0.4829072952270508,0.01243734359741211,-13.696426391601562,0.8518039584159851,0.7836121916770935,1.5282723903656006,0.35546875,8.150190353393555,-0.7909981608390808,-15.025811195373535,0.26181936264038086,-20.083969116210938,-71.86994171142578,6.012008190155029,80800
5.808236598968506,0.11207741498947144,0.05586203932762146,-1.352020263671875,2.69140625,409.3843994140625,0.48113495111465454,0.2388916015625,-12.82800579071045,0.7687901854515076,0.7942883968353271,1.5189940929412842,0.359375,5.158008575439453,-0.9180073738098145,-20.380483627319336,0.18970346450805664,-20.486587524414062,-72.31147003173828,5.45374870300293,80900
7.853446006774902,0.3896174132823944,0.028877686709165573,-2.270144462585449,4.73046875,334.90802001953125,1.452594518661499,0.8169801235198975,-11.320772171020508,0.6038349270820618,0.7736300826072693,1.214975357055664,0.3984375,4.513861179351807,-0.47965073585510254,-6.145133972167969,0.13085253536701202,-16.83386993408203,-64.6854248046875,2.9455037117004395,81000
7.764537811279297,0.1761341392993927,0.021604835987091064,-2.179483413696289,4.64453125,239.2008514404297,-0.9047170877456665,-0.02897930145263672,-11.367767333984375,0.5803046226501465,0.7912233471870422,1.4335522651672363,0.359375,5.293699264526367,-0.9755651950836182,-15.618946075439453,0.2818799316883087,-18.85152816772461,-68.71186828613281,3.715446710586548,81100
8.0596284866333,0.25301411747932434,0.024394750595092773,-2.2122702598571777,4.52734375,325.76983642578125,0.3948171138763428,0.03149604797363281,-11.517400741577148,0.608085036277771,0.7783164978027344,1.219912052154541,0.33203125,4.146154403686523,-0.7905697226524353,-7.313100814819336,0.28589746356010437,-19.158042907714844,-73.22291564941406,1.9797894954681396,81200
11.448802947998047,0.16204126179218292,0.10449004173278809,-2.133427143096924,4.3125,279.29791259765625,-0.4335252046585083,0.17795562744140625,-12.07021713256836,0.6982695460319519,0.7774630784988403,1.5802165269851685,0.3828125,6.246837615966797,-0.7858872413635254,-27.931034088134766,0.4774197041988373,-20.628192901611328,-59.1717414855957,5.087017059326172,81300
12.590899467468262,0.45104989409446716,0.15986686944961548,-2.02476167678833,5.125,333.1378479003906,-0.481489896774292,-0.02606201171875,-11.94217586517334,0.6670920252799988,0.7832280993461609,1.4939484596252441,0.40625,5.217182159423828,-0.6116994619369507,-8.454780578613281,0.5388328433036804,-20.640705108642578,-71.1070556640625,4.100747108459473,81400
7.85518217086792,0.4751831889152527,0.17253923416137695,-1.193315029144287,2.1171875,389.3175964355469,0.8541507720947266,0.529998779296875,-12.272799491882324,0.6950997710227966,0.7863418459892273,1.6318020820617676,0.41796875,7.9454803466796875,-0.83299320936203,-18.09206771850586,0.19399195909500122,-22.914844512939453,-71.82202911376953,5.790854454040527,81500
11.969291687011719,0.11958710104227066,0.05057302117347717,-2.3777499198913574,5.1484375,308.4564208984375,0.2295587658882141,-0.024698257446289062,-12.079471588134766,0.6606459617614746,0.7647005319595337,1.5226414203643799,0.3125,6.48460578918457,-0.9454288482666016,-10.374563217163086,-0.07123789936304092,-21.38277816772461,-55.303619384765625,3.5660219192504883,81600
11.393362045288086,0.3486376106739044,0.05467692017555237,-2.1578266620635986,4.578125,284.45361328125,-0.010187149047851562,0.19476985931396484,-12.255850791931152,0.6902808547019958,0.7922442555427551,1.2709004878997803,0.359375,6.70878791809082,-0.744418740272522,-9.346456527709961,0.8162916302680969,-17.85394859313965,-59.29410171508789,2.404209852218628,81700
10.170654296875,0.4019584059715271,0.15692996978759766,-1.3486777544021606,1.984375,398.7945556640625,1.4185552597045898,1.0846366882324219,-11.271947860717773,0.5734276175498962,0.7805160880088806,1.4751296043395996,0.41015625,4.290214538574219,-0.8581905364990234,-25.89775848388672,0.5444387197494507,-21.019306182861328,-73.15229797363281,4.9657793045043945,81800
7.764243125915527,0.05518036708235741,0.01322890818119049,-2.03239369392395,4.5546875,294.45184326171875,-0.587699830532074,-0.24118900299072266,-11.931440353393555,0.6356682181358337,0.7725011110305786,1.3428750038146973,0.37890625,5.369964599609375,-0.6196470260620117,-7.610904693603516,0.5821373462677002,-17.783367156982422,-66.52791595458984,3.0737452507019043,81900
9.96834659576416,0.314010351896286,0.03007793426513672,-2.215763568878174,5.99609375,342.66455078125,0.3873719573020935,0.06633663177490234,-11.736201286315918,0.6433221101760864,0.7654768824577332,1.2691113948822021,0.3515625,4.917051315307617,-0.6966122388839722,-7.168558120727539,0.24288728833198547,-16.19542694091797,-57.070369720458984,2.564288377761841,82000
6.839927673339844,0.2012261152267456,0.02315819263458252,-2.127408981323242,4.32421875,323.31890869140625,0.47483545541763306,0.18505477905273438,-11.377687454223633,0.603423535823822,0.7498759031295776,1.3986527919769287,0.375,6.23851203918457,-0.8088216781616211,-17.974441528320312,0.4702855944633484,-17.17459487915039,-71.4959716796875,4.366626739501953,82100
7.633699417114258,0.27560311555862427,0.0021214932203292847,-2.1450281143188477,5.26953125,294.92840576171875,-0.5730373859405518,-0.2154378890991211,-11.730993270874023,0.6277360320091248,0.7602028250694275,1.4152352809906006,0.30078125,18.45943832397461,-0.8442203402519226,-10.304725646972656,0.16971635818481445,-15.91853141784668,-66.11132049560547,4.977470397949219,82200
8.937865257263184,0.17496030032634735,0.008596062660217285,-1.9899210929870605,5.046875,337.036865234375,0.35134151577949524,0.4203224182128906,-11.360039710998535,0.596312940120697,0.7572615146636963,1.3191025257110596,0.37109375,4.583725452423096,-0.738460898399353,-8.484621047973633,0.14948385953903198,-18.48217010498047,-66.67693328857422,2.846475601196289,82300
7.613616943359375,0.14305993914604187,0.0361475944519043,-2.2667083740234375,4.6328125,303.3224792480469,0.8866220116615295,0.5907011032104492,-12.209558486938477,0.7037039995193481,0.7594645619392395,1.456367015838623,0.3203125,4.954623222351074,-0.8494912385940552,-7.550708770751953,0.07985273748636246,-19.63003921508789,-66.21007537841797,2.527824640274048,82400
7.4031524658203125,0.46985870599746704,0.06326852738857269,-2.0708694458007812,5.07421875,325.5259094238281,0.32741326093673706,0.4629993438720703,-11.18093490600586,0.5693492889404297,0.753391683101654,1.5019657611846924,0.33203125,6.068296432495117,-0.9734929800033569,-12.516691207885742,0.49731871485710144,-18.72884178161621,-68.7456283569336,3.594881534576416,82500
7.357193470001221,0.2544260621070862,0.027177542448043823,-2.086446762084961,5.72265625,334.15179443359375,1.017890214920044,0.7369728088378906,-12.529682159423828,0.7247834205627441,0.7531304955482483,1.273970603942871,0.30859375,7.779299259185791,-0.7362954616546631,-6.487216949462891,0.2951861619949341,-17.375247955322266,-66.321044921875,2.4478039741516113,82600
11.02841567993164,0.1431484818458557,0.0297987163066864,-2.0599565505981445,4.6640625,363.479736328125,0.7828744649887085,0.7714462280273438,-11.798713684082031,0.6458515524864197,0.7604207992553711,1.5050036907196045,0.41015625,6.145221710205078,-0.5499556064605713,-9.193456649780273,-0.21816644072532654,-23.12712860107422,-75.04593658447266,4.205348968505859,82700
7.213920593261719,0.27658867835998535,0.028370514512062073,-1.1824564933776855,2.2890625,342.07476806640625,-0.4807796776294708,0.0002174079418182373,-12.118171691894531,0.6738926768302917,0.7855302691459656,1.724355697631836,0.32421875,14.8927001953125,-1.1331876516342163,-17.26251220703125,0.12158419191837311,-23.714406967163086,-74.24382019042969,5.339005470275879,82800
13.624059677124023,0.4045214354991913,0.01865464448928833,-2.3128159046173096,5.41015625,295.31622314453125,-0.9580118060112,-0.24357223510742188,-12.460015296936035,0.7024543881416321,0.8116301894187927,1.41460120677948,0.37109375,7.39588737487793,-0.6520611047744751,-8.760169982910156,0.8001431822776794,-13.336292266845703,-56.486549377441406,4.271340370178223,82900
9.432640075683594,0.2965817451477051,0.01889100670814514,-2.122441291809082,5.28515625,314.89862060546875,-0.7539941668510437,0.20514869689941406,-11.686010360717773,0.6179056763648987,0.7760931849479675,1.3596208095550537,0.41796875,5.528203010559082,-0.5306742191314697,-10.070594787597656,0.17898938059806824,-17.363609313964844,-70.1784439086914,3.1575927734375,83000
6.352290630340576,-0.13649195432662964,0.0005886107683181763,-2.1004674434661865,5.1953125,292.6615295410156,0.5512334704399109,0.18920230865478516,-12.424114227294922,0.6925145387649536,0.7672361731529236,1.4886914491653442,0.33984375,7.84307861328125,-0.9073349833488464,-14.813268661499023,0.2899552881717682,-16.564559936523438,-66.3564453125,3.6193246841430664,83100
7.3010711669921875,0.27387741208076477,0.01911655068397522,-2.1042017936706543,4.59375,238.7664794921875,-1.0550916194915771,-0.08698558807373047,-11.921138763427734,0.648591160774231,0.7595705986022949,1.385292887687683,0.34375,6.876533031463623,-0.6948351860046387,-6.750934600830078,0.1503884196281433,-17.43104362487793,-61.307220458984375,3.143367290496826,83200
8.417043685913086,0.3337326645851135,0.07506099343299866,-2.1434688568115234,6.6484375,315.83282470703125,0.3819582462310791,0.3182501792907715,-11.128412246704102,0.5595868229866028,0.7549951672554016,1.2426235675811768,0.33203125,4.420646667480469,-0.7897547483444214,-12.52371883392334,0.07506778836250305,-14.135843276977539,-58.20713806152344,2.4783453941345215,83300
4.0477614402771,0.2668389678001404,0.03437209874391556,-1.298596739768982,2.9453125,379.1612548828125,-0.14313602447509766,0.08833608031272888,-11.714118957519531,0.6418382525444031,0.7561151385307312,1.4993646144866943,0.29296875,12.614167213439941,-0.9764686226844788,-16.892847061157227,0.6611760854721069,-18.324520111083984,-70.28636169433594,4.337795257568359,83400
7.584911346435547,0.3476986885070801,0.03735898435115814,-2.188425302505493,5.26171875,347.1863708496094,0.6200987696647644,0.2265634536743164,-11.96716022491455,0.6617002487182617,0.7581424117088318,1.4070754051208496,0.29296875,10.568448066711426,-0.7808172702789307,-8.710674285888672,0.3209526538848877,-14.38330364227295,-56.95950698852539,3.6079177856445312,83500
7.093165397644043,0.15997278690338135,0.010152265429496765,-2.3400251865386963,5.16015625,295.86480712890625,0.23756864666938782,0.6462917327880859,-11.450634002685547,0.5775386095046997,0.7499620318412781,1.4575116634368896,0.32421875,4.961538314819336,-0.9246901869773865,-18.722890853881836,0.4830346405506134,-16.198726654052734,-70.96822357177734,3.455796241760254,83600
8.850381851196289,0.4368888735771179,0.07858803868293762,-2.207305431365967,5.8125,263.5894470214844,-0.28333377838134766,-0.031935691833496094,-11.735934257507324,0.6326207518577576,0.7586433291435242,1.3315696716308594,0.30859375,9.189315795898438,-0.7748442888259888,-8.21426773071289,0.3507784307003021,-17.501338958740234,-56.80317306518555,2.9006710052490234,83700
12.908066749572754,0.3509552478790283,0.16345953941345215,-2.232581615447998,4.65234375,349.3104248046875,0.09832197427749634,0.22782325744628906,-11.559282302856445,0.6429768800735474,0.7599844336509705,1.5542504787445068,0.33203125,7.085785865783691,-0.7521740198135376,-9.526081085205078,0.4562808871269226,-20.928651809692383,-68.58235168457031,4.803360939025879,83800
7.971731185913086,0.03541691228747368,0.004715442657470703,-2.5107271671295166,6.81640625,270.89801025390625,0.28784728050231934,0.46030426025390625,-11.876623153686523,0.645626962184906,0.7719511389732361,1.3296581506729126,0.328125,4.257900238037109,-0.8408553600311279,-8.350371360778809,0.3540570139884949,-16.583065032958984,-51.110267639160156,2.3248066902160645,83900
8.22839641571045,0.30716684460639954,0.030359745025634766,-2.0749850273132324,4.23828125,318.2081604003906,-0.04977342486381531,0.6311016082763672,-11.62916374206543,0.6254042387008667,0.7678563594818115,1.4366369247436523,0.33203125,8.996590614318848,-0.8712489008903503,-17.478694915771484,0.5901116132736206,-18.834991455078125,-72.78115844726562,3.8043768405914307,84000
11.464550018310547,0.23192152380943298,0.019672393798828125,-2.0589542388916016,4.1875,336.2745361328125,0.444751501083374,0.622227668762207,-12.240835189819336,0.688276469707489,0.7556269764900208,1.3891105651855469,0.29296875,5.974287509918213,-0.8968501091003418,-11.128904342651367,0.7068023681640625,-20.1249942779541,-58.64781951904297,3.3849449157714844,84100
9.283804893493652,0.39636385440826416,0.21548587083816528,-1.9105064868927002,4.29296875,301.44384765625,-0.1421211063861847,0.0007614642381668091,-11.750307083129883,0.6257819533348083,0.763828456401825,1.4269095659255981,0.37109375,5.799045562744141,-0.8392425775527954,-12.349910736083984,0.38750991225242615,-20.790390014648438,-65.6612777709961,3.6515092849731445,84200
9.945218086242676,0.17907515168190002,0.04394693672657013,-2.0800511837005615,4.828125,306.31976318359375,0.06571972370147705,0.21962356567382812,-11.423234939575195,0.6119990348815918,0.7626250982284546,1.33326256275177,0.390625,6.6689372062683105,-0.7470674514770508,-14.675187110900879,0.4362862706184387,-18.095932006835938,-56.979949951171875,3.100750684738159,84300
11.40265941619873,0.1597866415977478,0.06835204362869263,-2.4384732246398926,5.421875,350.1488952636719,0.60724276304245,0.47385406494140625,-11.793124198913574,0.6480523943901062,0.7691088914871216,1.6415177583694458,0.3515625,12.343302726745605,-0.7996740341186523,-16.946163177490234,0.28571075201034546,-19.642696380615234,-72.55818939208984,5.255563735961914,84400
5.095645427703857,0.18753764033317566,0.011844217777252197,-1.2629072666168213,2.73046875,361.8552551269531,-0.3017745614051819,0.9421710968017578,-13.111089706420898,0.7755077481269836,0.7615648508071899,1.5632028579711914,0.3125,5.591639995574951,-1.152988076210022,-15.332265853881836,0.9480648636817932,-19.484434127807617,-66.604248046875,4.554082870483398,84500
10.770394325256348,0.3421093821525574,0.0993880033493042,-2.2541468143463135,4.55078125,345.3870849609375,0.1753954440355301,-0.011684417724609375,-11.833154678344727,0.6639953255653381,0.7667558193206787,1.3634120225906372,0.33203125,5.108150482177734,-0.8791752457618713,-23.82318878173828,0.22756575047969818,-19.981063842773438,-65.41673278808594,3.6343724727630615,84600
9.832930564880371,0.4256071448326111,0.10510706901550293,-2.364384174346924,4.91015625,307.5453186035156,-0.05757737159729004,-0.12618350982666016,-12.249876022338867,0.7249298095703125,0.7729291319847107,1.4876058101654053,0.39453125,10.345784187316895,-0.5945852398872375,-12.041919708251953,0.5421137809753418,-19.512609481811523,-56.60265350341797,4.8336873054504395,84700
13.027793884277344,0.20947086811065674,0.030076012015342712,-2.1754908561706543,4.75390625,337.8177490234375,0.4165564179420471,0.12664222717285156,-12.056710243225098,0.6690105199813843,0.7798705101013184,1.548397421836853,0.375,9.166934967041016,-0.697046160697937,-10.029141426086426,1.3857002258300781,-18.878902435302734,-69.75687408447266,4.601352691650391,84800
7.773250579833984,0.2830992341041565,0.0553627610206604,-1.7404966354370117,3.64453125,326.27960205078125,0.01553906500339508,0.44305410981178284,-12.291525840759277,0.672437310218811,0.790780246257782,1.3344011306762695,0.33203125,4.196300506591797,-0.9096872806549072,-7.486255645751953,0.31349045038223267,-23.280223846435547,-72.31756591796875,1.941105604171753,84900
7.944277763366699,0.2545592784881592,0.013433128595352173,-2.0931520462036133,4.8359375,330.3359680175781,-0.010315343737602234,-0.11980724334716797,-12.187434196472168,0.6918918490409851,0.7779602408409119,1.448845386505127,0.33203125,8.163861274719238,-0.8883386850357056,-15.723945617675781,0.386069655418396,-19.621868133544922,-62.14302062988281,4.161929130554199,85000
7.1926679611206055,0.06300321966409683,0.0014443844556808472,-2.5002169609069824,5.296875,305.62042236328125,-0.07326537370681763,-0.03400707244873047,-12.065942764282227,0.6840977072715759,0.7697460055351257,1.295069932937622,0.328125,5.126773834228516,-0.8323236107826233,-8.204622268676758,0.08135201781988144,-19.171363830566406,-65.59012603759766,2.4236202239990234,85100
9.662667274475098,0.1596352756023407,0.03365309536457062,-2.30251145362854,5.7578125,304.20458984375,-0.2509901523590088,0.26267242431640625,-11.710249900817871,0.6481105089187622,0.7777513265609741,1.4088397026062012,0.33984375,7.124582290649414,-0.7317962050437927,-16.1551570892334,0.26038599014282227,-18.550844192504883,-67.35177612304688,4.008872985839844,85200
5.09004020690918,0.30035829544067383,0.038083434104919434,-1.115527629852295,2.375,387.713134765625,1.3542629480361938,0.7799415588378906,-11.44297981262207,0.6103178858757019,0.7765935063362122,1.4555518627166748,0.3671875,18.59930419921875,-0.7411632537841797,-12.049190521240234,0.6670335531234741,-21.00298309326172,-72.01425170898438,5.506688117980957,85300
9.369853973388672,0.25650471448898315,0.011466264724731445,-2.4546122550964355,5.9453125,356.4368896484375,0.6669350862503052,0.19764184951782227,-12.610910415649414,0.7501760721206665,0.7912919521331787,1.569636583328247,0.33984375,9.250001907348633,-0.954688310623169,-20.71405029296875,0.8628023862838745,-15.044072151184082,-52.29393768310547,4.692266464233398,85400
11.274925231933594,0.23080940544605255,0.010735543444752693,-1.9738885164260864,4.08203125,366.2300109863281,-0.25977838039398193,0.13023757934570312,-12.291481971740723,0.7003914713859558,0.785209596157074,1.6995775699615479,0.3515625,7.776980400085449,-1.033376932144165,-13.88827896118164,0.5403274297714233,-17.73373031616211,-75.85584259033203,5.620835781097412,85500
10.013435363769531,0.28881439566612244,0.03474658727645874,-2.0026376247406006,4.0,283.86474609375,-0.6879804134368896,0.009433746337890625,-12.173686981201172,0.6757723093032837,0.7774050235748291,1.3998425006866455,0.34765625,9.095643043518066,-0.7615596055984497,-8.807416915893555,0.6935136318206787,-19.235488891601562,-59.816261291503906,3.7557778358459473,85600
6.682061195373535,0.006171554327011108,-0.007553990930318832,-2.240588903427124,5.0859375,292.72100830078125,-1.0127615928649902,-0.2862567901611328,-12.209497451782227,0.6829773783683777,0.7725620865821838,1.3902666568756104,0.33203125,6.581226348876953,-0.8668637275695801,-11.577600479125977,0.3130248486995697,-19.537546157836914,-72.6863021850586,3.434194564819336,85700
11.097911834716797,0.1425395905971527,0.0394589826464653,-2.309499740600586,4.69921875,400.553466796875,1.0130196809768677,0.4989633560180664,-12.075780868530273,0.6880513429641724,0.7803519368171692,1.4193044900894165,0.34375,8.931831359863281,-0.7642064094543457,-6.618436813354492,0.3197821080684662,-19.425689697265625,-71.9897232055664,3.5419840812683105,85800
8.63750171661377,0.27520498633384705,0.01183849573135376,-2.121831178665161,6.01171875,338.4949951171875,0.5200091600418091,0.4744548797607422,-11.639551162719727,0.6228099465370178,0.7738871574401855,1.3679986000061035,0.35546875,4.163140773773193,-0.8162128329277039,-8.905763626098633,0.4450097382068634,-19.683021545410156,-74.81005096435547,2.6924219131469727,85900
8.263238906860352,0.11056230962276459,0.07104727625846863,-2.2946667671203613,5.85546875,386.81988525390625,0.315213680267334,0.24743938446044922,-11.758610725402832,0.6708674430847168,0.7760228514671326,1.2270818948745728,0.34765625,4.777782440185547,-0.6831157803535461,-8.079360961914062,0.0470125749707222,-18.11103630065918,-58.984439849853516,2.51676082611084,86000
9.257570266723633,0.3949788510799408,0.0848245620727539,-2.1294310092926025,4.66796875,286.1126403808594,-0.4536305069923401,0.07282829284667969,-11.585662841796875,0.6221267580986023,0.7661117911338806,1.3019468784332275,0.3046875,4.48988151550293,-0.8679380416870117,-11.560596466064453,0.29213929176330566,-21.163856506347656,-71.81898498535156,2.408358097076416,86100
8.513765335083008,0.24706913530826569,0.03993511199951172,-2.1298770904541016,5.09375,292.14410400390625,0.2788216769695282,0.3922157287597656,-11.129667282104492,0.5952176451683044,0.764384925365448,1.528228759765625,0.31640625,5.619997978210449,-0.9365746378898621,-25.343669891357422,0.29310762882232666,-19.16754150390625,-62.779605865478516,4.633491516113281,86200
6.268953323364258,0.2128862887620926,0.05118909478187561,-1.3275878429412842,2.796875,450.42034912109375,0.5357027053833008,0.5565695762634277,-12.696023941040039,0.7259976267814636,0.7554163336753845,1.528327226638794,0.39453125,6.913632392883301,-0.9386124610900879,-13.617889404296875,0.2695230543613434,-18.99398422241211,-68.26812744140625,5.298259735107422,86300
8.65401554107666,0.13461630046367645,-0.008415699005126953,-2.301151752471924,5.015625,268.12725830078125,-0.27554720640182495,0.08930015563964844,-12.109561920166016,0.6813318729400635,0.776006281375885,1.4281634092330933,0.36328125,5.878871917724609,-0.7441587448120117,-13.485625267028809,0.0019884631037712097,-17.375123977661133,-53.562538146972656,4.04837703704834,86400
7.859683990478516,0.2833833694458008,0.014144361019134521,-2.0878477096557617,4.68359375,369.54681396484375,1.1334748268127441,0.18691635131835938,-12.754183769226074,0.7400680780410767,0.7842361330986023,1.3725206851959229,0.3203125,14.356568336486816,-0.7411448359489441,-8.38609504699707,0.6866254210472107,-19.013751983642578,-71.14839172363281,4.451345920562744,86500
9.93862533569336,0.23621180653572083,0.002134084701538086,-2.060384750366211,4.67578125,336.15167236328125,-0.17363300919532776,0.10646629333496094,-12.279791831970215,0.7119688391685486,0.7884262204170227,1.5429518222808838,0.32421875,7.59025764465332,-0.7526516318321228,-7.2192230224609375,0.2708427309989929,-20.39290428161621,-65.9173812866211,3.846497058868408,86600
7.255954265594482,0.23206958174705505,0.027049660682678223,-1.9342166185379028,4.44140625,318.47198486328125,0.15412241220474243,0.3520822525024414,-10.809304237365723,0.5133302807807922,0.7715834975242615,1.2562249898910522,0.359375,5.869623184204102,-0.6483668088912964,-10.167980194091797,0.19951418042182922,-19.04439353942871,-63.445098876953125,2.709479331970215,86700
9.521061897277832,0.1423795521259308,0.012307390570640564,-2.1025261878967285,5.51953125,307.2177734375,-0.021443083882331848,0.15845680236816406,-11.738920211791992,0.6392828822135925,0.7630557417869568,1.4946281909942627,0.3359375,14.29495620727539,-0.8316938281059265,-7.1958723068237305,0.12118721008300781,-20.88251495361328,-60.10053634643555,4.910063743591309,86800
7.823253631591797,0.5752705335617065,0.1487470120191574,-1.5751032829284668,4.0703125,435.94012451171875,0.9531717300415039,0.31380796432495117,-12.517486572265625,0.7519928216934204,0.7942835688591003,1.5268285274505615,0.3828125,9.96017074584961,-0.6546176075935364,-10.001522064208984,0.2649862468242645,-15.869669914245605,-59.02646255493164,5.146818161010742,86900
6.649157524108887,0.35905441641807556,0.04585742950439453,-2.130924940109253,4.6015625,249.61587524414062,-1.2288923263549805,-1.1501712799072266,-11.13219928741455,0.5588549971580505,0.7610102891921997,1.4341444969177246,0.37890625,20.622068405151367,-0.742447018623352,-12.07396125793457,0.10438859462738037,-14.1857328414917,-52.6414680480957,5.133842468261719,87000
8.719535827636719,0.323036253452301,0.03727126121520996,-2.264477252960205,5.66015625,240.7284698486328,-0.24790607392787933,0.24221038818359375,-11.934333801269531,0.6494421362876892,0.7345379590988159,1.2795627117156982,0.37109375,5.471863746643066,-0.743043065071106,-8.588064193725586,0.22569429874420166,-14.89487075805664,-75.63893127441406,2.641110420227051,87100
8.11391544342041,0.1148112565279007,0.0321197509765625,-2.1249616146087646,4.15625,299.8588562011719,-0.18870073556900024,0.17349720001220703,-11.589425086975098,0.607437789440155,0.7292203307151794,1.442873239517212,0.33203125,10.50973129272461,-0.942389726638794,-9.737092971801758,0.5609118938446045,-17.75925064086914,-71.97869110107422,3.879444122314453,87200
9.499418258666992,0.05004744604229927,0.0018922537565231323,-2.3228344917297363,5.546875,265.54046630859375,0.10486418008804321,0.14307022094726562,-10.963815689086914,0.5454385876655579,0.7479815483093262,1.3141422271728516,0.32421875,4.321246147155762,-0.7829890251159668,-8.108292579650879,0.051333993673324585,-18.62006950378418,-56.32755661010742,2.4820327758789062,87300
3.8796091079711914,-0.09699004888534546,0.005283147096633911,-1.999428391456604,4.359375,272.2615661621094,-0.15536381304264069,0.1652088165283203,-11.356508255004883,0.586548388004303,0.7488254904747009,1.3781750202178955,0.37109375,4.979862213134766,-0.8195022940635681,-6.937125205993652,0.41646063327789307,-20.183395385742188,-58.21220397949219,2.8013458251953125,87400
9.172337532043457,0.09948883205652237,-0.00039455294609069824,-2.2718162536621094,5.23046875,302.7861633300781,-0.20856985449790955,-0.21947765350341797,-12.006599426269531,0.6315221190452576,0.7446326613426208,1.5432542562484741,0.2890625,8.605525970458984,-0.9419054985046387,-12.47482681274414,0.19834262132644653,-20.832252502441406,-58.53007507324219,3.9966249465942383,87500
6.716238498687744,-0.006273411214351654,0.023178577423095703,-2.171375274658203,4.54296875,337.2650146484375,0.8826043605804443,0.4670531749725342,-11.442842483520508,0.6008087396621704,0.7531043887138367,1.417504906654358,0.3515625,6.124931335449219,-0.8655616641044617,-10.685463905334473,0.368655800819397,-18.350770950317383,-75.65494537353516,3.224368095397949,87600
9.560840606689453,0.3637041747570038,0.021510601043701172,-2.3022003173828125,5.37109375,297.2607116699219,-0.14642319083213806,-0.4178447723388672,-11.60045051574707,0.6272393465042114,0.7559165358543396,1.5109857320785522,0.2890625,3.907014846801758,-1.0626742839813232,-28.432199478149414,0.6706482172012329,-18.40731430053711,-52.45628356933594,5.89531135559082,87700
8.441543579101562,0.19450177252292633,0.011806324124336243,-2.1988320350646973,4.87109375,286.9009704589844,-0.14311715960502625,0.14218521118164062,-12.346380233764648,0.697361409664154,0.7672240138053894,1.5042531490325928,0.33984375,24.275959014892578,-0.730811595916748,-9.915268898010254,0.0957002118229866,-20.913175582885742,-71.50227355957031,5.555523872375488,87800
14.15548038482666,0.33208686113357544,0.03329893946647644,-2.452218532562256,7.01171875,296.1732177734375,0.29578715562820435,0.10427474975585938,-10.868876457214355,0.5354978442192078,0.7652843594551086,1.5071525573730469,0.3828125,6.068397521972656,-0.6102765798568726,-14.342872619628906,0.0371476411819458,-18.023395538330078,-59.24149703979492,3.8163537979125977,87900
9.813525199890137,0.15434858202934265,-0.0068340301513671875,-2.467258930206299,5.99609375,287.226806640625,0.35669562220573425,-0.18280696868896484,-12.390279769897461,0.7359077334403992,0.7689023017883301,1.4373786449432373,0.31640625,7.959946632385254,-0.849818766117096,-7.5860114097595215,0.049015164375305176,-20.11437225341797,-60.518733978271484,3.0943603515625,88000
11.772619247436523,0.09502413868904114,-0.025139108300209045,-2.334498882293701,4.84375,317.2091979980469,0.5070050954818726,0.5069718360900879,-11.772381782531738,0.6386799812316895,0.7557655572891235,1.3895049095153809,0.3515625,7.6942524909973145,-0.8187738656997681,-8.999053955078125,0.24402213096618652,-19.018417358398438,-57.1739501953125,2.9299163818359375,88100
8.328476905822754,0.2719321548938751,0.09882982075214386,-1.570786714553833,2.82421875,325.3580322265625,-0.0567435622215271,-0.11336708068847656,-11.224483489990234,0.5845799446105957,0.7628564238548279,1.483661413192749,0.328125,5.219717979431152,-1.0153005123138428,-23.85920524597168,0.18577152490615845,-24.286224365234375,-73.71949768066406,4.3407087326049805,88200
8.819596290588379,0.4027032256126404,0.23025226593017578,-1.8535791635513306,3.70703125,298.6295166015625,-0.4962109923362732,0.23751068115234375,-12.162274360656738,0.6935613751411438,0.7884865999221802,1.504740834236145,0.3671875,14.958698272705078,-0.7823169827461243,-9.432132720947266,0.2202073037624359,-19.746116638183594,-71.4847412109375,4.743348121643066,88300
7.835941314697266,0.35113728046417236,0.18925905227661133,-1.7328884601593018,3.72265625,337.45172119140625,0.7138636112213135,0.6925792694091797,-11.723188400268555,0.6452063322067261,0.7846694588661194,1.4759180545806885,0.3125,3.9681172370910645,-1.1197407245635986,-14.421241760253906,0.6880715489387512,-21.65837860107422,-70.50190734863281,2.781632423400879,88400
5.0288543701171875,-0.04328688979148865,0.04169945418834686,-1.3879191875457764,2.20703125,378.3458557128906,0.4817501902580261,0.44495296478271484,-12.174836158752441,0.6959351897239685,0.7820457220077515,1.3904341459274292,0.33984375,6.207585334777832,-0.8216415643692017,-7.846052169799805,0.27658751606941223,-19.858997344970703,-67.48493957519531,3.0609354972839355,88500
8.010763168334961,0.19496896862983704,0.04706341028213501,-1.8260453939437866,3.88671875,383.1510925292969,0.6430063247680664,0.5007495880126953,-12.42530632019043,0.7217653393745422,0.7812243103981018,1.4689490795135498,0.3359375,4.910886764526367,-0.8947784900665283,-13.289215087890625,0.4282671809196472,-21.205276489257812,-68.22406768798828,3.316006660461426,88600
10.667098999023438,0.34398505091667175,0.05660674721002579,-2.005624771118164,3.734375,345.21453857421875,1.3355932235717773,1.087442398071289,-11.63205337524414,0.6156015396118164,0.7672982215881348,1.3871347904205322,0.33984375,6.807928085327148,-0.7264614701271057,-8.527164459228516,0.41879165172576904,-18.68989372253418,-68.82042694091797,3.2478444576263428,88700
8.566672325134277,0.19604656100273132,0.022820472717285156,-2.494767427444458,5.40625,296.9042053222656,0.02976319193840027,0.06156158447265625,-11.519051551818848,0.6140872836112976,0.7648239731788635,1.392202377319336,0.3671875,7.1640777587890625,-0.7783111333847046,-15.853666305541992,-0.02867709845304489,-19.549062728881836,-59.86613845825195,3.4921975135803223,88800
7.059664249420166,0.3292114734649658,0.04727417230606079,-1.7627044916152954,2.9140625,369.89251708984375,0.5788442492485046,0.1217871904373169,-12.110453605651855,0.7000631093978882,0.7725762724876404,1.3470289707183838,0.36328125,5.155311584472656,-0.7849022746086121,-12.026773452758789,0.2988241910934448,-20.66095733642578,-72.90129089355469,3.4256887435913086,88900
5.404807090759277,0.2042243480682373,0.034290194511413574,-1.9311656951904297,4.4609375,250.78428649902344,-0.9191967248916626,-0.5548152923583984,-11.203857421875,0.5739403963088989,0.7766737341880798,1.3230206966400146,0.34765625,4.859504699707031,-0.8054073452949524,-7.663957595825195,0.3816068768501282,-16.576370239257812,-76.09548950195312,3.1182749271392822,89000
6.327459335327148,0.3209286332130432,0.04124181717634201,-2.0018882751464844,4.31640625,327.0570068359375,0.251492440700531,-0.015544891357421875,-11.316915512084961,0.6028789281845093,0.7619826197624207,1.4711699485778809,0.34765625,7.569053649902344,-0.8324103951454163,-21.33493995666504,0.4488360285758972,-14.635071754455566,-52.58985900878906,4.908995628356934,89100
10.282787322998047,0.1867864578962326,0.061859358102083206,-1.916998028755188,3.671875,384.7473449707031,1.173546552658081,1.0580215454101562,-12.004037857055664,0.6787649393081665,0.7607046961784363,1.4829630851745605,0.41796875,6.303777694702148,-0.6103504300117493,-10.013980865478516,0.3323350250720978,-22.057886123657227,-74.1099853515625,4.011688232421875,89200
5.585689067840576,0.11090565472841263,0.03446312993764877,-2.2233052253723145,5.25390625,400.3314514160156,1.3862597942352295,1.0076274871826172,-11.336977005004883,0.5829892158508301,0.7724394202232361,1.3655428886413574,0.3046875,5.528146266937256,-0.9603608250617981,-17.681703567504883,1.023084282875061,-18.0535945892334,-69.94635009765625,2.7476282119750977,89300
7.527162551879883,0.08097939938306808,0.021613359451293945,-2.1577329635620117,4.890625,297.4285583496094,0.0995652973651886,0.5695466995239258,-12.207442283630371,0.6772379875183105,0.7561711668968201,1.3328943252563477,0.30078125,5.744058609008789,-0.9407446980476379,-9.096675872802734,0.1745540201663971,-19.866680145263672,-67.75284576416016,2.5739569664001465,89400
9.945502281188965,0.574626624584198,0.1843109130859375,-1.2840583324432373,2.046875,322.6747741699219,-0.6843099594116211,0.04682198166847229,-11.897012710571289,0.6753136515617371,0.7456367611885071,1.4438209533691406,0.30078125,8.356965065002441,-0.9268693327903748,-15.682044982910156,0.453398197889328,-20.90570068359375,-70.81539916992188,3.4278759956359863,89500
8.564082145690918,0.4296942353248596,0.0582425594329834,-2.0687637329101562,4.79296875,357.82171630859375,0.26119792461395264,0.32925987243652344,-12.264421463012695,0.7029141187667847,0.749021053314209,1.339213490486145,0.35546875,7.606302261352539,-0.6956288814544678,-11.362545013427734,0.22768792510032654,-18.616771697998047,-74.2090835571289,3.1050407886505127,89600
9.863712310791016,0.06660032272338867,-0.00022327899932861328,-2.3116836547851562,6.36328125,300.277099609375,0.22295524179935455,0.20917892456054688,-12.105596542358398,0.6817849278450012,0.7471410036087036,1.4212747812271118,0.2890625,11.896232604980469,-0.8270366191864014,-21.443078994750977,-0.012920737266540527,-19.7763671875,-68.88536834716797,4.774028778076172,89700
5.929027557373047,0.17379896342754364,0.11849308013916016,-1.1932106018066406,2.41015625,344.84197998046875,-0.3178917169570923,0.19319632649421692,-11.356647491455078,0.6004478335380554,0.740695595741272,1.4386847019195557,0.3046875,6.79958438873291,-1.0646214485168457,-11.340118408203125,0.5034790635108948,-22.040815353393555,-72.72001647949219,2.8363521099090576,89800
7.876506805419922,0.186252161860466,0.01846599578857422,-2.3670215606689453,6.73828125,274.44061279296875,0.004736773669719696,-0.2315654754638672,-11.142898559570312,0.5617558360099792,0.7518693804740906,1.3528351783752441,0.34375,4.482950210571289,-0.8597716093063354,-11.180564880371094,0.25165265798568726,-18.558853149414062,-56.50730514526367,2.260624885559082,89900
7.896272659301758,0.2218053936958313,0.03829765319824219,-2.0534186363220215,3.796875,305.7953186035156,0.454773485660553,0.025277137756347656,-10.942712783813477,0.5435792207717896,0.7372706532478333,1.499129056930542,0.30859375,5.145629405975342,-0.934955358505249,-8.876335144042969,0.0542588010430336,-21.086894989013672,-66.08369445800781,3.0108261108398438,90000
6.238757610321045,-0.022775918245315552,0.0034350156784057617,-2.4625916481018066,6.15234375,262.6184997558594,0.11090000718832016,0.07399845123291016,-11.647804260253906,0.6165504455566406,0.7549557089805603,1.2525084018707275,0.3828125,5.192329406738281,-0.6705694198608398,-6.283674240112305,0.1450723111629486,-17.4036922454834,-67.35993194580078,2.7049574851989746,90100
5.30202054977417,0.2176412045955658,0.03369104862213135,-1.7483397722244263,4.04296875,259.70556640625,-0.1731880009174347,0.15143394470214844,-10.870100021362305,0.5128563046455383,0.7457740902900696,1.4862128496170044,0.31640625,5.026674270629883,-1.0045291185379028,-9.26206111907959,0.028031401336193085,-17.03934097290039,-69.45386505126953,2.8824589252471924,90200
7.776681900024414,0.3272395133972168,0.031179159879684448,-2.294312000274658,4.86328125,251.86390686035156,-1.4917030334472656,-0.120086669921875,-11.206477165222168,0.5869819521903992,0.7643800973892212,1.3274497985839844,0.3125,3.391429901123047,-0.8523185849189758,-19.321252822875977,0.6230595111846924,-16.608034133911133,-61.84912109375,3.508108139038086,90300
10.407340049743652,0.2800058126449585,0.13902044296264648,-2.177172899246216,4.953125,305.85284423828125,0.3821791410446167,0.6049127578735352,-11.090157508850098,0.5835763812065125,0.7581895589828491,1.3181450366973877,0.33984375,5.966457366943359,-0.7678008079528809,-6.22540283203125,0.2218056619167328,-19.76471710205078,-74.36228942871094,3.358027458190918,90400
7.331690788269043,0.18444940447807312,0.020905062556266785,-1.9966657161712646,3.9453125,282.4739990234375,-0.29514649510383606,0.02498626708984375,-12.290759086608887,0.68514484167099,0.7472715377807617,1.3439236879348755,0.34375,5.1761627197265625,-0.8287339210510254,-8.683067321777344,0.3757014572620392,-19.136817932128906,-69.37803649902344,2.5110158920288086,90500
7.979864120483398,0.1490817815065384,0.02571132779121399,-2.4235286712646484,5.0,362.00103759765625,0.0034447014331817627,0.4139575958251953,-12.110943794250488,0.6603671312332153,0.7669146656990051,1.073267936706543,0.3671875,2.9224328994750977,-0.7456105947494507,-7.570314407348633,0.3803076148033142,-16.294387817382812,-56.3713493347168,1.5765314102172852,90600
8.60588264465332,-0.028139732778072357,0.0007303804159164429,-2.0862507820129395,5.19921875,336.84893798828125,0.39628034830093384,0.11232757568359375,-11.579900741577148,0.6250087022781372,0.76457279920578,1.5915647745132446,0.34765625,5.999488830566406,-0.9715613722801208,-11.676557540893555,0.2676577568054199,-19.95648765563965,-69.88487243652344,3.982752799987793,90700
10.18426513671875,0.2858824133872986,0.04958882927894592,-1.4285163879394531,3.26171875,425.6364440917969,0.5067370533943176,0.3881826400756836,-11.87225341796875,0.6695305705070496,0.7843222618103027,1.3967642784118652,0.33984375,4.979665756225586,-0.8813181519508362,-11.90557861328125,0.9436696171760559,-16.543432235717773,-68.05894470214844,3.2584753036499023,90800
4.088945388793945,0.40878260135650635,0.14360404014587402,-1.245695948600769,1.96484375,432.234619140625,-0.021363437175750732,0.5731195211410522,-11.690031051635742,0.6400718092918396,0.7739693522453308,1.510807752609253,0.36328125,4.889406204223633,-0.896466076374054,-22.654294967651367,0.5200648903846741,-19.648452758789062,-65.82844543457031,4.764761924743652,90900
7.955280303955078,0.3603120446205139,0.08161039650440216,-2.3823671340942383,5.73046875,329.24835205078125,-0.44385311007499695,0.11526775360107422,-11.686088562011719,0.6352248191833496,0.762288510799408,1.3472533226013184,0.35546875,4.9054718017578125,-0.8298967480659485,-9.605960845947266,0.32125815749168396,-19.128520965576172,-66.47171783447266,2.903247356414795,91000
9.966604232788086,0.35559535026550293,0.006209626793861389,-2.028470754623413,4.72265625,335.8465576171875,-0.11263427138328552,0.20769691467285156,-11.77895450592041,0.6325449347496033,0.7605429887771606,1.3099286556243896,0.32421875,4.641777038574219,-0.8494654893875122,-17.012279510498047,0.11725637316703796,-18.686641693115234,-65.74686431884766,3.0042741298675537,91100
9.74333381652832,0.32644206285476685,0.07401800155639648,-1.9803805351257324,4.03125,293.5087585449219,-0.21510106325149536,0.2681436538696289,-11.51950740814209,0.609757125377655,0.7629234790802002,1.4318625926971436,0.37109375,9.983177185058594,-0.7385342121124268,-7.693763732910156,0.2755500078201294,-20.809791564941406,-53.01108932495117,3.517157554626465,91200
11.70425033569336,0.16713494062423706,0.0924997329711914,-2.0641517639160156,4.9453125,280.1539306640625,-0.30086255073547363,0.035167694091796875,-11.615428924560547,0.6443884372711182,0.768447995185852,1.4585429430007935,0.35546875,7.7685041427612305,-0.9121466279029846,-9.878412246704102,0.21287527680397034,-19.63787841796875,-74.24413299560547,2.900442600250244,91300
5.952394485473633,0.12242278456687927,0.006513416767120361,-2.4370126724243164,6.2734375,324.84136962890625,-0.1745603084564209,0.36524391174316406,-12.022163391113281,0.6506762504577637,0.7777189612388611,1.4831392765045166,0.33203125,3.912412643432617,-0.9601151943206787,-10.25206470489502,-0.0006014630198478699,-18.89859390258789,-56.475589752197266,2.7479195594787598,91400
14.68563461303711,0.4979753792285919,0.02702750265598297,-1.9601094722747803,3.8359375,331.8493957519531,-0.9522259831428528,-0.21596145629882812,-12.539837837219238,0.7296566367149353,0.7707276344299316,1.5451979637145996,0.34375,11.182430267333984,-0.7070879340171814,-11.49570083618164,0.36672088503837585,-19.911479949951172,-59.893951416015625,6.509483337402344,91500
6.1384358406066895,0.22135746479034424,0.07591485977172852,-2.039456367492676,3.94921875,389.9085693359375,0.5968317985534668,1.05401611328125,-12.018016815185547,0.6787561774253845,0.7701950073242188,1.3800280094146729,0.4140625,17.330432891845703,-0.4183669984340668,-8.706088066101074,0.20653337240219116,-17.621395111083984,-63.72822952270508,4.889364242553711,91600
7.872131824493408,0.015179231762886047,0.006836414337158203,-2.354696273803711,5.17578125,276.63726806640625,0.5096020698547363,0.3693380355834961,-11.168079376220703,0.5816797018051147,0.759779155254364,1.5885069370269775,0.33984375,4.8173933029174805,-0.9182665348052979,-11.747356414794922,0.2722110450267792,-18.889904022216797,-59.277828216552734,4.118411064147949,91700
5.232606410980225,0.07058858871459961,0.03584575653076172,-2.2837376594543457,4.91015625,293.5985107421875,0.6551482081413269,0.12874603271484375,-10.962298393249512,0.5646455883979797,0.7584896087646484,1.4384177923202515,0.29296875,5.202831268310547,-0.9364996552467346,-7.283454895019531,0.3719560503959656,-19.38791275024414,-72.12496948242188,3.0234594345092773,91800
5.324278354644775,0.5529710054397583,0.17220169305801392,-1.1800668239593506,1.89453125,363.41302490234375,0.2585182189941406,0.0183391273021698,-12.074651718139648,0.676413357257843,0.7572242617607117,1.4415099620819092,0.30859375,4.062742233276367,-1.0134987831115723,-19.859670639038086,0.9763482809066772,-25.362831115722656,-70.67169952392578,3.7531745433807373,91900
10.82444953918457,0.26807427406311035,0.07472889870405197,-2.009199619293213,4.296875,341.33270263671875,0.2661634385585785,0.2760648727416992,-11.575139999389648,0.6394047737121582,0.7772900462150574,1.5401017665863037,0.3046875,6.757054328918457,-0.923763632774353,-9.03152084350586,0.05174923688173294,-18.431549072265625,-63.1890983581543,3.31736421585083,92000
10.163267135620117,0.16428181529045105,0.06541728973388672,-2.2828874588012695,5.17578125,356.085693359375,0.4274933338165283,0.5239686965942383,-11.296897888183594,0.5950059294700623,0.7485342025756836,1.3179408311843872,0.37890625,9.048595428466797,-0.7518223524093628,-9.53506851196289,0.19570916891098022,-18.34971809387207,-61.21929168701172,3.14815354347229,92100
12.073022842407227,0.3360704183578491,0.0419183224439621,-2.1439170837402344,4.4375,319.06219482421875,0.6834272742271423,0.4070882797241211,-11.661874771118164,0.6157281994819641,0.7514553070068359,1.2374157905578613,0.2890625,5.18818473815918,-0.777713418006897,-9.252140045166016,0.3830048143863678,-17.23217010498047,-73.14291381835938,2.3374037742614746,92200
9.729655265808105,0.31599944829940796,0.030646324157714844,-2.344475507736206,6.32421875,342.8633728027344,0.3459160327911377,-0.04352185130119324,-11.806118965148926,0.6384450197219849,0.7678937315940857,1.2850291728973389,0.328125,8.85631275177002,-0.7683223485946655,-8.71011734008789,0.07372819632291794,-20.723899841308594,-56.200923919677734,3.0093092918395996,92300
11.807536125183105,0.1959656924009323,0.04794257879257202,-2.2166342735290527,4.9921875,330.62408447265625,-0.0006469637155532837,0.3658580780029297,-11.851275444030762,0.6335968375205994,0.7673227787017822,1.4998767375946045,0.3515625,7.334022521972656,-0.6259863376617432,-26.506732940673828,0.18206363916397095,-19.04794692993164,-72.65553283691406,5.292487621307373,92400
9.946990966796875,0.3393017053604126,0.05070525407791138,-1.9001601934432983,5.515625,360.1072998046875,0.4753345251083374,0.6229095458984375,-10.816330909729004,0.5237623453140259,0.7515698671340942,1.4301947355270386,0.38671875,7.472562789916992,-0.7096983194351196,-8.333087921142578,0.28906750679016113,-15.932902336120605,-70.64329528808594,3.1438117027282715,92500
7.544312000274658,0.2865087389945984,0.03379201889038086,-2.1510584354400635,4.6953125,293.6137390136719,-0.2865065932273865,-0.02104949951171875,-11.489683151245117,0.607598066329956,0.7406450510025024,1.3706066608428955,0.35546875,4.356694221496582,-0.7300946116447449,-5.894807815551758,0.06407806277275085,-16.516380310058594,-67.29472351074219,2.666883945465088,92600
7.182526111602783,0.11945049464702606,0.005333319306373596,-2.0311968326568604,3.9765625,300.03985595703125,-0.1437976360321045,-0.07746219635009766,-11.740234375,0.618933916091919,0.7414628267288208,1.4961984157562256,0.3125,4.895698547363281,-0.9636188745498657,-13.440225601196289,0.3722001910209656,-21.161046981811523,-69.69831848144531,3.253455877304077,92700
9.590068817138672,0.33701613545417786,0.06045722961425781,-2.193185806274414,4.2421875,313.8597412109375,-0.0007221996784210205,-0.05025291442871094,-11.283260345458984,0.5806735754013062,0.7473392486572266,1.473318099975586,0.38671875,5.660810470581055,-0.85118168592453,-9.280357360839844,0.2505896985530853,-19.629993438720703,-74.51766204833984,3.024839162826538,92800
9.167855262756348,0.4513269066810608,0.08897674083709717,-2.1075005531311035,5.140625,271.96240234375,-0.8497592210769653,0.03130912780761719,-10.946659088134766,0.5514129996299744,0.7371833920478821,1.3011343479156494,0.34375,4.962129592895508,-0.682927131652832,-9.392414093017578,0.16374006867408752,-21.166057586669922,-58.615230560302734,2.821936845779419,92900
13.262290954589844,0.6489955186843872,0.154921293258667,-1.577053189277649,3.49609375,363.52325439453125,0.791405200958252,0.6919174194335938,-12.059259414672852,0.6574544310569763,0.7357266545295715,1.2420654296875,0.390625,8.372480392456055,-0.6084533929824829,-10.761646270751953,0.4555833339691162,-19.90033531188965,-75.08465576171875,2.663713216781616,93000
7.088527202606201,0.208515465259552,0.020800292491912842,-2.242239475250244,5.26953125,288.9866943359375,-0.06051410734653473,0.10305023193359375,-11.007482528686523,0.566476047039032,0.741294801235199,1.2864480018615723,0.35546875,4.395349502563477,-0.8735464811325073,-19.827449798583984,0.1718316525220871,-19.753013610839844,-63.79532241821289,3.10538387298584,93100
5.026095390319824,0.12579181790351868,0.07288794219493866,-1.1719286441802979,2.23046875,348.5364990234375,0.35605961084365845,0.39373779296875,-11.608510971069336,0.6015669703483582,0.7338594794273376,1.5193614959716797,0.3203125,21.18645477294922,-0.7473182082176208,-12.931650161743164,0.19066092371940613,-24.774635314941406,-73.01255798339844,7.727299690246582,93200
6.754450798034668,0.18760943412780762,0.05798006057739258,-2.2330009937286377,4.8515625,270.0113220214844,-0.09072016924619675,0.04347192496061325,-11.212712287902832,0.573248565196991,0.7486366629600525,1.1679023504257202,0.33203125,4.704031944274902,-0.6905714869499207,-6.362142562866211,0.6568265557289124,-18.70882797241211,-73.26611328125,1.9555671215057373,93300
5.511053085327148,-0.054517053067684174,-0.019637584686279297,-2.420106887817383,5.53515625,258.1937561035156,0.21282298862934113,0.22997045516967773,-11.211782455444336,0.5687264800071716,0.7547415494918823,1.4674254655838013,0.3515625,5.407625198364258,-0.7898049354553223,-8.976041793823242,0.2771340608596802,-14.691471099853516,-75.19385528564453,3.1710729598999023,93400
11.32675552368164,0.29878705739974976,0.041355133056640625,-2.1889467239379883,3.75,312.067626953125,0.19573983550071716,0.4181022644042969,-12.015256881713867,0.6277662515640259,0.7474654316902161,1.5236542224884033,0.30078125,4.500360488891602,-1.0415916442871094,-15.72488784790039,0.44473642110824585,-19.566707611083984,-67.24267578125,4.3923187255859375,93500
9.898130416870117,0.12550309300422668,0.053175926208496094,-2.0860354900360107,4.8828125,276.58135986328125,-0.30849555134773254,0.0998077392578125,-12.026832580566406,0.6643333435058594,0.7591864466667175,1.3681526184082031,0.34765625,6.069385528564453,-0.8168575763702393,-14.9700927734375,0.1447855532169342,-18.711227416992188,-61.448509216308594,3.4929471015930176,93600
5.698263168334961,0.3576281666755676,0.07907414436340332,-1.4070709943771362,2.7109375,412.8870849609375,1.1144914627075195,1.2896366119384766,-11.386072158813477,0.5691377520561218,0.7661412954330444,1.4666640758514404,0.37890625,9.16166877746582,-0.8461753129959106,-13.84546184539795,0.25393277406692505,-21.24993133544922,-76.21544647216797,3.987459897994995,93700
9.457770347595215,0.21410535275936127,0.031128309667110443,-2.1169610023498535,4.48828125,301.5703430175781,-0.013140089809894562,-0.2082843780517578,-11.427864074707031,0.6294285655021667,0.7696265578269958,1.5192300081253052,0.359375,7.843843460083008,-0.8639054298400879,-11.393806457519531,0.3554333448410034,-20.07132339477539,-57.161834716796875,3.6976423263549805,93800
10.147990226745605,0.3125903010368347,0.028227224946022034,-2.2271132469177246,4.83984375,203.98373413085938,-1.2834484577178955,-0.7918777465820312,-11.532817840576172,0.602530300617218,0.7655951380729675,1.3823113441467285,0.36328125,7.173072814941406,-0.7715175151824951,-14.042693138122559,0.30739501118659973,-18.316768646240234,-74.52838897705078,3.469857692718506,93900
9.590625762939453,0.14098060131072998,0.007597625255584717,-2.207651138305664,5.1953125,283.7674560546875,-0.8229646682739258,-0.6091690063476562,-12.188543319702148,0.6942030191421509,0.7691687941551208,1.4878281354904175,0.3515625,4.8005218505859375,-0.8142832517623901,-7.988292694091797,0.6950454115867615,-18.015525817871094,-59.69883728027344,3.274691104888916,94000
10.873549461364746,0.47188299894332886,0.09162521362304688,-1.914306640625,4.30078125,407.73699951171875,0.5816397666931152,0.5142955780029297,-11.783329963684082,0.6537632942199707,0.766507089138031,1.2159624099731445,0.34375,8.745820999145508,-0.6681261658668518,-8.471820831298828,0.7497569918632507,-19.70336151123047,-64.78378295898438,2.5665905475616455,94100
7.813703536987305,0.2164064347743988,0.061206817626953125,-2.2164392471313477,5.5703125,306.0453796386719,-0.6237577795982361,0.38753318786621094,-11.889142990112305,0.6297439932823181,0.7621056437492371,1.6007990837097168,0.375,5.278251647949219,-0.7434284687042236,-16.672340393066406,0.23628559708595276,-18.546680450439453,-54.62776565551758,4.346580505371094,94200
8.914497375488281,0.1886986792087555,0.0064376890659332275,-2.2169747352600098,5.2109375,349.46405029296875,0.48790445923805237,0.31830787658691406,-12.732617378234863,0.7499306201934814,0.7645695209503174,1.31011962890625,0.3671875,8.94877815246582,-0.7560311555862427,-7.154483795166016,0.3151051998138428,-19.208738327026367,-62.55500030517578,3.0480499267578125,94300
5.993865013122559,0.027012061327695847,-0.0024213790893554688,-2.21313214302063,4.2734375,305.6169738769531,-0.5042271614074707,-0.06789779663085938,-12.238224983215332,0.6750409007072449,0.7541622519493103,1.5365900993347168,0.265625,4.4013824462890625,-1.1053240299224854,-13.144928932189941,0.11070313304662704,-20.864253997802734,-65.2641372680664,3.6673271656036377,94400
9.386737823486328,0.1713690161705017,0.003224700689315796,-2.1386091709136963,5.35546875,308.5563659667969,0.2561008930206299,0.3673114776611328,-11.038253784179688,0.5695521831512451,0.7703761458396912,1.337385654449463,0.36328125,7.44835090637207,-0.6951484680175781,-8.075825691223145,0.21137908101081848,-19.678756713867188,-70.6513900756836,2.764265298843384,94500
10.072308540344238,-0.0010055191814899445,0.002535000443458557,-2.3822450637817383,5.7734375,343.15972900390625,0.7327290773391724,0.5835380554199219,-12.381240844726562,0.7505194544792175,0.753628671169281,1.4570224285125732,0.35546875,5.539013385772705,-0.7700189352035522,-12.47488784790039,0.19007498025894165,-20.051490783691406,-57.7541618347168,3.204141855239868,94600
9.160382270812988,0.23813502490520477,0.011715561151504517,-2.2148826122283936,4.5703125,345.6715393066406,0.33324262499809265,-0.0053691864013671875,-12.37462043762207,0.6927890777587891,0.7480105757713318,1.3977482318878174,0.32421875,3.9384799003601074,-0.9606127738952637,-9.549213409423828,0.2846795618534088,-17.50347137451172,-69.25896453857422,3.072070598602295,94700
6.01209831237793,0.1478983610868454,0.048897430300712585,-2.0058164596557617,4.0078125,333.35882568359375,0.3145001530647278,-0.04820829629898071,-11.599320411682129,0.6337370872497559,0.7741066217422485,1.408176064491272,0.3515625,6.146794319152832,-0.7347689867019653,-17.052310943603516,0.28402653336524963,-18.32514190673828,-61.47629165649414,4.0561604499816895,94800
8.132482528686523,0.06594846397638321,0.0007076263427734375,-2.335902690887451,4.140625,302.91558837890625,0.2629889249801636,0.16882896423339844,-12.28145980834961,0.7168232798576355,0.7848111391067505,1.5338283777236938,0.359375,5.417720317840576,-0.8400757312774658,-13.603565216064453,-0.022534959018230438,-19.129669189453125,-69.80213165283203,3.8721506595611572,94900
7.5622782707214355,0.602387011051178,0.36521196365356445,-1.0598310232162476,1.56640625,381.4132080078125,-0.15530240535736084,0.5764567852020264,-11.693487167358398,0.6636688113212585,0.7709157466888428,1.6865143775939941,0.34765625,11.264054298400879,-0.9768321514129639,-10.407453536987305,0.23066842555999756,-21.136703491210938,-74.24471282958984,4.4882402420043945,95000
9.881067276000977,0.3306370973587036,0.03934440016746521,-2.5840554237365723,6.1953125,277.2391662597656,0.27096766233444214,0.007445432245731354,-12.19776725769043,0.6939778923988342,0.7682603001594543,1.5174235105514526,0.33984375,25.304553985595703,-0.839882493019104,-8.855034828186035,-0.02352551370859146,-17.957210540771484,-76.76220703125,6.973917007446289,95100
10.28122615814209,0.18916055560112,0.04535782337188721,-2.3524913787841797,5.8828125,268.2350158691406,0.03029433637857437,0.4705362319946289,-11.231130599975586,0.6053393483161926,0.7567448616027832,1.3555116653442383,0.30078125,5.348611831665039,-0.8046364784240723,-7.5372467041015625,0.10820590704679489,-21.751110076904297,-73.58319854736328,2.318478584289551,95200
9.123663902282715,0.19306820631027222,0.012999534606933594,-2.2603249549865723,4.50390625,332.17669677734375,0.36909323930740356,0.6955194473266602,-11.550912857055664,0.6160721778869629,0.7468932867050171,1.5677164793014526,0.30859375,5.891689300537109,-0.8958534002304077,-8.141036987304688,0.1543349176645279,-21.207563400268555,-75.84269714355469,3.4591033458709717,95300
6.215126991271973,0.3225021958351135,0.06892776489257812,-2.4145894050598145,6.13671875,300.9391784667969,0.14557236433029175,0.04329204559326172,-11.731011390686035,0.6694638133049011,0.7463176250457764,1.243882656097412,0.33203125,6.207103729248047,-0.7327803373336792,-5.680510520935059,0.16887344419956207,-17.111007690429688,-61.898128509521484,2.4095821380615234,95400
8.848341941833496,0.3003905713558197,0.05979154258966446,-2.393929958343506,5.5703125,229.25033569335938,-0.1885390281677246,-0.22870540618896484,-11.18094539642334,0.6061974167823792,0.7498934268951416,1.3704872131347656,0.3515625,4.17120361328125,-0.7809051275253296,-9.155570983886719,0.1594075709581375,-18.49277114868164,-70.29887390136719,2.4528071880340576,95500
6.2045745849609375,0.014759138226509094,0.018697738647460938,-1.9359263181686401,3.72265625,263.2012634277344,-0.4876396059989929,0.05273246765136719,-12.278491020202637,0.6880601048469543,0.7643541097640991,1.499461054801941,0.34765625,5.69553279876709,-0.9892095327377319,-10.283327102661133,0.4397677779197693,-19.374006271362305,-75.38726043701172,3.378662347793579,95600
7.397701263427734,-0.08993730694055557,0.013983726501464844,-2.110102653503418,4.08203125,372.08636474609375,0.3228689134120941,0.6209087371826172,-12.558821678161621,0.7297204732894897,0.7538691759109497,1.429397463798523,0.3046875,7.937546730041504,-0.9747657775878906,-15.753527641296387,0.2763097882270813,-21.225467681884766,-68.46634674072266,3.520359992980957,95700
8.725397109985352,0.27578970789909363,0.11203694343566895,-2.1755189895629883,4.92578125,271.6744384765625,-0.5873087644577026,-0.22951030731201172,-11.969742774963379,0.7092989087104797,0.7591559290885925,1.653739094734192,0.34765625,7.892991065979004,-0.7899394035339355,-8.621383666992188,0.26753363013267517,-17.961164474487305,-56.02501678466797,3.990950345993042,95800
10.427824020385742,0.4090415835380554,0.01983499526977539,-2.5106849670410156,5.75,337.0845947265625,0.5834019780158997,0.4407463073730469,-11.204841613769531,0.5991367101669312,0.7730952501296997,1.467717170715332,0.32421875,23.146652221679688,-0.6929852366447449,-7.923433303833008,0.217802032828331,-17.459102630615234,-74.44995880126953,8.721513748168945,95900
4.143734455108643,0.5077285170555115,0.13809138536453247,-1.032623291015625,1.96875,459.6271667480469,0.7219985723495483,0.16733373701572418,-12.036703109741211,0.7003642916679382,0.7583120465278625,1.506873369216919,0.36328125,6.244589805603027,-0.6477086544036865,-13.09712028503418,1.4196325540542603,-19.98969268798828,-70.55367279052734,3.915926456451416,96000
9.171865463256836,0.366824209690094,0.11147570610046387,-2.21795916557312,4.77734375,341.33203125,-0.0686434656381607,0.43829822540283203,-11.157151222229004,0.5683711171150208,0.765168309211731,1.3181501626968384,0.37109375,8.595186233520508,-0.6620657444000244,-6.0541229248046875,0.408191442489624,-17.677349090576172,-59.68906784057617,3.1036810874938965,96100
7.871850967407227,0.0823366641998291,0.022370874881744385,-2.2369182109832764,5.0703125,380.8934326171875,-0.015561968088150024,0.2735137939453125,-12.052007675170898,0.6870379447937012,0.7613124251365662,1.4416085481643677,0.32421875,4.257329940795898,-0.9352443814277649,-12.762153625488281,0.2215142548084259,-20.557571411132812,-76.77986907958984,3.4323697090148926,96200
8.999223709106445,-0.02151396870613098,0.05174657702445984,-2.100682020187378,5.3203125,364.29541015625,0.12503649294376373,0.5644092559814453,-11.957054138183594,0.6739305853843689,0.7608252167701721,1.707259178161621,0.42578125,6.991318702697754,-0.7143919467926025,-9.050098419189453,0.4619547724723816,-21.099281311035156,-76.69532012939453,5.630990982055664,96300
12.464733123779297,0.17283055186271667,0.011153042316436768,-2.175933837890625,5.12890625,367.22393798828125,0.6039997935295105,0.3373832702636719,-12.508638381958008,0.7213313579559326,0.7596114277839661,1.5814939737319946,0.328125,5.955620765686035,-1.044236421585083,-26.30010223388672,0.3047136962413788,-21.012487411499023,-66.75094604492188,4.649907112121582,96400
9.783283233642578,0.1094147115945816,0.009570658206939697,-2.231966733932495,4.69921875,324.43377685546875,-0.2749231159687042,0.15608978271484375,-12.730986595153809,0.7383104562759399,0.7475248575210571,1.3767948150634766,0.31640625,5.092655181884766,-0.8206486701965332,-11.868240356445312,-0.12475623935461044,-17.225086212158203,-70.54027557373047,3.6839394569396973,96500
6.696227073669434,0.10893362015485764,0.012239083647727966,-2.1774260997772217,5.12890625,380.8431701660156,0.8522261381149292,0.7973518371582031,-11.988685607910156,0.6719536185264587,0.7574502825737,1.531588077545166,0.296875,6.597381591796875,-0.8571484088897705,-7.957496643066406,0.5401782989501953,-22.091670989990234,-71.72284698486328,3.364549160003662,96600
7.212325096130371,0.298677921295166,0.05828201770782471,-2.21638560295105,5.2890625,272.5699157714844,-0.42815887928009033,0.21013450622558594,-11.623321533203125,0.6239113807678223,0.7643869519233704,1.3062090873718262,0.35546875,4.560922622680664,-0.6796722412109375,-5.760257720947266,0.21103006601333618,-18.624561309814453,-71.90469360351562,2.5999019145965576,96700
4.956451416015625,0.06019262596964836,0.041320085525512695,-2.1526377201080322,5.2265625,375.9247131347656,0.7338184118270874,0.7374391555786133,-10.963558197021484,0.5440422892570496,0.7651355862617493,1.4839670658111572,0.328125,3.949596881866455,-0.9112271666526794,-9.956254959106445,0.5922988653182983,-17.487058639526367,-58.33476638793945,2.9323530197143555,96800
5.480712890625,0.3085874617099762,0.009207598865032196,-1.7026833295822144,3.13671875,244.0367889404297,-0.3602191209793091,-0.0035647302865982056,-11.961708068847656,0.6151958703994751,0.7508872151374817,1.2818241119384766,0.328125,5.135292053222656,-0.8162833452224731,-9.626888275146484,0.07334920018911362,-17.307907104492188,-74.15961456298828,2.1672120094299316,96900
8.099006652832031,0.1729935258626938,0.023115456104278564,-1.8768680095672607,3.98046875,310.12445068359375,-0.31058698892593384,0.190643310546875,-11.224647521972656,0.5720064043998718,0.7451476454734802,1.538900375366211,0.35546875,6.427502155303955,-0.8294476866722107,-9.464508056640625,0.014926813542842865,-21.10161781311035,-71.2330322265625,3.722679615020752,97000
10.08017635345459,0.11969973891973495,0.03543663024902344,-2.258331537246704,4.90234375,314.7532653808594,-0.3973759412765503,0.12064647674560547,-11.654687881469727,0.627861738204956,0.7661841511726379,1.4374008178710938,0.3359375,5.157289505004883,-0.8033896684646606,-10.466156005859375,0.3282395005226135,-21.509546279907227,-74.79630279541016,3.5968334674835205,97100
11.503018379211426,0.31556084752082825,0.02268819510936737,-2.198550224304199,5.46875,336.5920104980469,0.17868410050868988,0.39678192138671875,-11.292011260986328,0.5947265028953552,0.7676011919975281,1.5389728546142578,0.38671875,11.384746551513672,-0.7904746532440186,-10.895538330078125,0.39252030849456787,-21.865718841552734,-72.09273529052734,5.0158281326293945,97200
13.111078262329102,0.344576895236969,0.027998685836791992,-2.0985803604125977,5.3515625,317.9211730957031,0.4721052050590515,0.15997695922851562,-12.244384765625,0.6955273747444153,0.772300124168396,1.5381453037261963,0.32421875,9.749217987060547,-1.070978045463562,-10.955841064453125,0.3316582143306732,-20.95290756225586,-74.04014587402344,3.9465534687042236,97300
10.065969467163086,0.3198370337486267,0.1253977119922638,-2.1378426551818848,5.01171875,377.8046875,1.03736412525177,0.4192829132080078,-11.846332550048828,0.6882264018058777,0.7519543766975403,1.2891277074813843,0.34375,6.260293960571289,-0.7051036953926086,-7.863872528076172,0.4578404724597931,-19.48780632019043,-64.95887756347656,3.381509780883789,97400
10.83000373840332,0.18357396125793457,0.043710291385650635,-1.8861209154129028,3.890625,347.52899169921875,0.15108679234981537,0.06634706258773804,-12.641214370727539,0.7367050647735596,0.7606906890869141,1.8531725406646729,0.33203125,6.444183349609375,-1.093172550201416,-17.42464828491211,0.35809898376464844,-17.892288208007812,-68.67582702636719,5.928143501281738,97500
15.822563171386719,0.38548094034194946,0.015753179788589478,-2.2866387367248535,4.83203125,313.03826904296875,0.11569803953170776,-0.26798224449157715,-12.332138061523438,0.7173330187797546,0.75031578540802,1.5462188720703125,0.32421875,5.870316505432129,-0.94157475233078,-13.471048355102539,0.3250891864299774,-17.984697341918945,-71.00521850585938,4.006417274475098,97600
9.779573440551758,0.19403545558452606,0.043562889099121094,-2.110664129257202,5.07421875,349.86309814453125,1.2875690460205078,0.5519485473632812,-11.544567108154297,0.5985424518585205,0.7419007420539856,1.4381492137908936,0.359375,7.86981201171875,-0.8178664445877075,-17.444049835205078,0.6658302545547485,-20.70726776123047,-61.12248229980469,3.5822510719299316,97700
6.1231560707092285,0.12202241271734238,0.0440293550491333,-2.1770548820495605,3.95703125,287.81170654296875,-0.021745607256889343,0.37593841552734375,-10.892261505126953,0.5441886782646179,0.7415186166763306,1.4766182899475098,0.33203125,8.068771362304688,-0.8540705442428589,-8.817333221435547,-0.16614419221878052,-21.90470314025879,-57.29973220825195,3.2551093101501465,97800
13.029272079467773,0.19872139394283295,0.18330717086791992,-2.035202980041504,4.42578125,340.11572265625,-0.5257571935653687,-0.2736940383911133,-12.957582473754883,0.8100503087043762,0.7281169295310974,1.629561424255371,0.3515625,8.618734359741211,-0.7927383184432983,-18.44149398803711,0.5624970197677612,-18.920780181884766,-65.78006744384766,5.37864875793457,97900
6.904839515686035,0.3085763156414032,0.19059090316295624,-1.5281431674957275,3.0234375,414.9841613769531,1.109585165977478,1.2902641296386719,-11.00311279296875,0.5736697912216187,0.738053023815155,1.5121463537216187,0.34765625,3.4423255920410156,-0.9833197593688965,-21.778501510620117,0.2199159562587738,-22.588777542114258,-77.14214324951172,4.096397876739502,98000
9.140932083129883,0.2588730454444885,0.05108928680419922,-2.1448466777801514,5.4921875,300.301513671875,0.7676348090171814,0.39472389221191406,-11.372962951660156,0.5910055041313171,0.7352653741836548,1.2816064357757568,0.35546875,3.78816819190979,-0.7938547134399414,-7.860820770263672,0.2895561158657074,-18.39664077758789,-68.83330535888672,2.4527604579925537,98100
6.58953857421875,0.22674354910850525,0.017235390841960907,-2.4988718032836914,5.22265625,360.88775634765625,0.36624875664711,0.12255191802978516,-11.70252513885498,0.6498463749885559,0.7377306818962097,1.3217401504516602,0.30859375,4.30604362487793,-0.8660025000572205,-15.840076446533203,0.024820618331432343,-17.588645935058594,-54.970314025878906,3.10636568069458,98200
7.907968521118164,0.38983383774757385,0.08729726076126099,-1.8325003385543823,3.4921875,376.25225830078125,0.9924463033676147,0.30871009826660156,-11.646783828735352,0.6281254887580872,0.7311367988586426,1.4624340534210205,0.37890625,4.669522285461426,-0.820401668548584,-9.724437713623047,0.00834055244922638,-20.58455467224121,-63.38674545288086,3.532745838165283,98300
6.873798370361328,0.1850908249616623,0.1143045425415039,-2.386319160461426,4.3828125,341.34332275390625,0.8304835557937622,0.4780139923095703,-11.31495475769043,0.5899383425712585,0.7403919100761414,1.4380632638931274,0.3359375,5.815683364868164,-0.7909873723983765,-11.291282653808594,0.5503800511360168,-19.643465042114258,-62.9229736328125,2.9967293739318848,98400
7.659458160400391,0.10599459707736969,0.012295156717300415,-1.9190962314605713,4.90625,298.959716796875,-0.363775372505188,0.23603081703186035,-10.773382186889648,0.5171664357185364,0.7650713920593262,1.4936840534210205,0.28515625,9.505642890930176,-0.9549243450164795,-23.66976547241211,-0.07943892478942871,-15.779362678527832,-67.69398498535156,4.08724308013916,98500
5.932751655578613,-0.005145177245140076,0.0,-1.9408347606658936,4.23046875,389.5384521484375,1.0455093383789062,0.5046443939208984,-12.278995513916016,0.6997026801109314,0.7586531043052673,1.217729926109314,0.26953125,5.317137718200684,-0.8222467303276062,-7.720645904541016,0.6285481452941895,-14.274229049682617,-55.16546630859375,2.185098648071289,98600
10.288622856140137,0.18123629689216614,0.05482673645019531,-1.9872866868972778,3.85546875,332.556396484375,0.37106776237487793,0.5298881530761719,-11.142982482910156,0.5579276084899902,0.751123309135437,1.513000249862671,0.34375,6.948652267456055,-1.0092989206314087,-15.223063468933105,0.1488744616508484,-17.92892837524414,-76.11626434326172,4.565901279449463,98700
5.861039638519287,0.382961630821228,0.1792595386505127,-1.3919196128845215,2.5234375,336.35260009765625,-0.002669021487236023,0.3554096221923828,-10.635043144226074,0.5253676176071167,0.7394185662269592,1.3451815843582153,0.375,8.097543716430664,-0.8192856311798096,-11.03604507446289,0.8627038598060608,-20.906848907470703,-75.1874008178711,2.863795280456543,98800
7.182703018188477,0.2358570694923401,0.026154041290283203,-1.845053791999817,3.359375,324.7113037109375,0.1394549161195755,0.2584552764892578,-11.332374572753906,0.5785234570503235,0.7332717776298523,1.3663356304168701,0.29296875,6.8583598136901855,-0.821625292301178,-9.028068542480469,0.23746991157531738,-19.541168212890625,-56.69988250732422,3.1403024196624756,98900
7.103850841522217,0.20970775187015533,0.04430308938026428,-2.204218626022339,4.49609375,274.59613037109375,-0.0567968487739563,0.48783111572265625,-10.989091873168945,0.5812892913818359,0.73527592420578,1.3017816543579102,0.3984375,4.535014629364014,-0.6634060740470886,-8.95848274230957,0.17712047696113586,-18.138206481933594,-66.483154296875,2.936657428741455,99000
8.83704948425293,0.12923620641231537,0.029924243688583374,-1.3910105228424072,2.46875,341.0750732421875,-0.776599645614624,-0.04526519775390625,-13.289092063903809,0.7798256278038025,0.7295519709587097,1.823623776435852,0.29296875,13.304855346679688,-1.1755785942077637,-21.44664764404297,0.6904675364494324,-20.20293426513672,-75.57079315185547,6.412116050720215,99100
8.738136291503906,0.035083696246147156,0.05401246249675751,-2.197488784790039,4.19140625,287.69842529296875,0.4795324206352234,0.13409900665283203,-11.292743682861328,0.5739232301712036,0.7241656184196472,1.5321192741394043,0.32421875,8.35744857788086,-0.965122640132904,-8.392723083496094,0.48319482803344727,-17.204111099243164,-60.71375274658203,4.123585224151611,99200
8.769756317138672,0.13400137424468994,0.0058248043060302734,-2.3247861862182617,5.87109375,331.6238098144531,-0.22633720934391022,0.2407207489013672,-11.421720504760742,0.6055386662483215,0.7295317053794861,1.3785501718521118,0.296875,6.147622585296631,-0.895088255405426,-11.16181755065918,0.10724854469299316,-18.26766586303711,-68.85873413085938,2.9702963829040527,99300
7.605449676513672,0.2911667823791504,0.11102953553199768,-1.306626319885254,2.2734375,390.8587646484375,0.766777515411377,0.4889335632324219,-11.98129653930664,0.6487873792648315,0.7446337938308716,1.5517075061798096,0.31640625,12.182153701782227,-0.8904589414596558,-10.7613525390625,0.17409415543079376,-23.386320114135742,-73.21527862548828,4.4371747970581055,99400
8.495452880859375,0.19779056310653687,0.07386636734008789,-2.0704305171966553,4.4453125,293.3975524902344,0.1049068346619606,0.30657005310058594,-11.022542953491211,0.5711925029754639,0.7399716973304749,1.406362771987915,0.421875,7.895875930786133,-0.533355712890625,-8.77899169921875,0.10703614354133606,-21.287124633789062,-68.78177642822266,3.925511360168457,99500
8.709314346313477,0.36352279782295227,0.0642964243888855,-2.0546889305114746,4.58203125,291.0701904296875,-0.19415615499019623,0.5673408508300781,-11.741315841674805,0.6376857757568359,0.7531758546829224,1.4222290515899658,0.33203125,5.877902984619141,-0.9056493043899536,-8.251632690429688,0.19880715012550354,-22.033424377441406,-70.77318572998047,2.9066383838653564,99600
4.845167636871338,0.4713616967201233,0.25324422121047974,-1.4772260189056396,2.90234375,355.70404052734375,-0.4148431122303009,-0.021551907062530518,-12.098745346069336,0.7017233967781067,0.7459368109703064,1.362788200378418,0.34765625,5.877593994140625,-0.7124377489089966,-18.874908447265625,0.5607369542121887,-20.665111541748047,-70.03952026367188,3.3302693367004395,99700
10.186812400817871,0.12598109245300293,0.03584211692214012,-2.1699411869049072,4.765625,313.4040222167969,0.03504623472690582,0.31231069564819336,-11.389073371887207,0.5887474417686462,0.7421014308929443,1.6872303485870361,0.35546875,23.555526733398438,-0.923709511756897,-12.596620559692383,0.38297930359840393,-21.405494689941406,-71.19550323486328,7.377748489379883,99800
7.880465030670166,0.1770368218421936,0.027761919423937798,-2.2619967460632324,4.81640625,301.0421142578125,0.41648122668266296,0.6294612884521484,-12.046825408935547,0.6376141905784607,0.7317284941673279,1.6227325201034546,0.32421875,5.766670227050781,-1.0396161079406738,-23.175418853759766,0.14831215143203735,-18.230121612548828,-61.35663604736328,4.632872104644775,99900
13.864259719848633,0.39233100414276123,0.05004052817821503,-2.5031800270080566,6.95703125,291.42950439453125,0.24537593126296997,0.4211864471435547,-11.9002685546875,0.6219091415405273,0.7312101721763611,1.3845075368881226,0.36328125,6.970174789428711,-0.5110670328140259,-7.709251403808594,0.9202814698219299,-19.688594818115234,-71.52787017822266,3.733553886413574,100000
